Timestamp [us],RTC Count,Notes,CPU all [%],CPU 0 [%],CPU 1 [%],CPU 2 [%],CPU 3 [%],Audio SPI CPU,Audio Write CPU,ECG GetData CPU,ECG WriteData CPU,IMU CPU,Light CPU,PressureTemp CPU,BoardTemp CPU,Bat CPU,Recovery CPU,FSM CPU,Commands CPU,SysMonitor CPU,GoPros CPU,RAM Free [B],RAM Free [%],Virtual Memory Used [B],Virtual Memory Used [%]
1678380427395440,-1,Restarted! | ,9.80,25.00,14.29,7.69,0.00,-1,-1,-1,-1,-1,-1,-1,-1,-1,-1,0,0,0,2,201695232,5.07,3776978944,92.49
1678380432395518,-1,,7.10,10.91,4.23,3.01,10.08,-1,-1,-1,-1,-1,-1,-1,-1,-1,-1,0,0,0,2,201420800,5.06,3777253376,92.50
1678380437395628,-1,,4.55,8.32,1.01,2.02,7.07,-1,-1,-1,-1,-1,-1,-1,-1,-1,-1,0,0,0,2,201420800,5.06,3777253376,92.50
1678380442395695,-1,,6.00,6.69,3.95,2.01,11.40,-1,-1,-1,-1,-1,-1,-1,-1,-1,-1,0,0,0,2,201420800,5.06,3777253376,92.50
1678380447395774,-1,,8.09,11.90,0.40,5.43,14.29,-1,-1,-1,-1,-1,-1,-1,-1,-1,-1,0,0,0,2,201527296,5.07,3777146880,92.50
1678380452395841,-1,,5.65,9.60,1.40,2.61,9.34,-1,-1,-1,-1,-1,-1,-1,-1,-1,-1,0,0,0,2,201420800,5.06,3777253376,92.50
1678380457395909,-1,,5.85,8.05,6.37,1.61,7.39,-1,-1,-1,-1,-1,-1,-1,-1,-1,-1,0,0,0,2,201527296,5.07,3777146880,92.50
1678380462395987,-1,,7.06,11.48,3.61,7.23,6.21,-1,-1,-1,-1,-1,-1,-1,-1,-1,-1,0,0,0,2,201015296,5.05,3777658880,92.51
1678380467396052,-1,,5.92,10.80,2.01,4.02,6.64,-1,-1,-1,-1,-1,-1,-1,-1,-1,-1,0,0,0,2,207724544,5.22,3770949632,92.35
1678380472396120,-1,,15.03,12.68,4.91,7.40,34.87,-1,-1,-1,-1,-1,-1,-1,-1,-1,-1,0,0,0,2,168558592,4.24,3810115584,93.30
1678380477396187,-1,,8.61,7.20,1.61,2.64,22.80,-1,-1,-1,-1,-1,-1,-1,-1,-1,-1,0,0,0,2,205975552,5.18,3772698624,92.39
1678380482396265,-1,,8.17,11.27,3.41,9.18,8.70,-1,-1,-1,-1,-1,-1,-1,-1,-1,-1,0,0,0,2,206290944,5.18,3772383232,92.38
1678380487396330,-1,,5.06,5.74,0.40,10.10,4.39,-1,-1,-1,-1,-1,-1,-1,-1,-1,-1,0,0,0,2,205774848,5.17,3772899328,92.39
1678380492396396,-1,,6.92,9.68,1.81,14.26,1.81,-1,-1,-1,-1,-1,-1,-1,-1,-1,-1,0,0,0,2,205029376,5.15,3773644800,92.41
1678380497396465,-1,,5.56,8.84,2.80,1.00,9.42,-1,-1,-1,-1,-1,-1,-1,-1,-1,-1,0,0,0,2,204255232,5.13,3774418944,92.43
1678380502396546,-1,,7.92,11.02,3.04,3.02,14.57,-1,-1,-1,-1,-1,-1,-1,-1,-1,-1,0,0,0,2,203509760,5.12,3775164416,92.45
1678380507396611,-1,,5.34,7.69,4.19,1.01,8.67,-1,-1,-1,-1,-1,-1,-1,-1,-1,-1,0,0,0,2,203255808,5.11,3775418368,92.45
1678380512396662,-1,,4.77,8.69,2.02,5.21,3.18,-1,-1,-1,-1,-1,-1,-1,-1,-1,-1,0,0,0,2,203255808,5.11,3775418368,92.45
1678380517396746,-1,,8.53,11.87,6.02,4.44,11.58,-1,-1,-1,-1,-1,-1,-1,-1,-1,-1,0,0,0,2,203513856,5.12,3775160320,92.45
1678380522396812,-1,,5.01,5.94,1.41,4.00,8.70,-1,-1,-1,-1,-1,-1,-1,-1,-1,-1,0,0,0,2,203513856,5.12,3775160320,92.45
1678380527396894,-1,,8.55,10.88,14.49,1.20,7.68,-1,-1,-1,-1,-1,-1,-1,-1,-1,-1,0,0,0,2,203255808,5.11,3775418368,92.45
1678380532396960,-1,,5.35,8.16,6.65,1.00,6.01,-1,-1,-1,-1,-1,-1,-1,-1,-1,-1,0,0,0,2,203284480,5.11,3775389696,92.45
1678380537397026,-1,,6.14,11.52,3.01,3.41,6.39,-1,-1,-1,-1,-1,-1,-1,-1,-1,-1,0,0,0,2,203284480,5.11,3775389696,92.45
1678380542397093,-1,,5.91,7.54,3.41,2.82,9.92,-1,-1,-1,-1,-1,-1,-1,-1,-1,-1,0,0,0,2,202768384,5.10,3775905792,92.47
1678380547397158,-1,,4.47,7.88,6.61,0.00,3.42,-1,-1,-1,-1,-1,-1,-1,-1,-1,-1,0,0,0,2,202768384,5.10,3775905792,92.47
1678380552397236,-1,,7.31,11.84,3.02,4.81,9.80,-1,-1,-1,-1,-1,-1,-1,-1,-1,-1,0,0,0,2,201994240,5.08,3776679936,92.49
1678380557397301,-1,,5.84,10.28,6.41,1.81,4.55,-1,-1,-1,-1,-1,-1,-1,-1,-1,-1,0,0,0,2,199671808,5.02,3779002368,92.54
1678380562397340,-1,,5.02,8.48,3.59,7.04,1.00,-1,-1,-1,-1,-1,-1,-1,-1,-1,-1,0,0,0,2,201486336,5.06,3777187840,92.50
1678380567397407,-1,,4.62,6.94,1.40,6.21,3.80,-1,-1,-1,-1,-1,-1,-1,-1,-1,-1,0,0,0,2,201486336,5.06,3777187840,92.50
1678380572397443,-1,,6.55,7.76,14.37,1.21,3.02,-1,-1,-1,-1,-1,-1,-1,-1,-1,-1,0,0,0,2,201486336,5.06,3777187840,92.50
1678380577397521,-1,,6.04,10.53,1.82,1.81,10.16,-1,-1,-1,-1,-1,-1,-1,-1,-1,-1,0,0,0,2,201486336,5.06,3777187840,92.50
1678380582397590,-1,,4.56,8.02,4.25,0.81,5.22,-1,-1,-1,-1,-1,-1,-1,-1,-1,-1,0,0,0,2,202002432,5.08,3776671744,92.49
1678380666083705,-1,Restarted! | ,8.16,30.77,0.00,0.00,0.00,-1,-1,-1,-1,-1,-1,-1,-1,-1,-1,0,0,0,2,192401408,4.84,3786272768,92.72
1678380671084040,-1,,5.53,8.47,1.00,4.96,7.71,-1,-1,-1,-1,-1,-1,-1,-1,-1,-1,0,0,0,2,191791104,4.82,3786883072,92.74
1678380676084105,-1,,4.54,8.02,1.21,4.37,4.63,-1,-1,-1,-1,-1,-1,-1,-1,-1,-1,0,0,0,2,191889408,4.82,3786784768,92.73
1678380681084170,-1,,4.51,8.08,5.58,0.00,4.41,-1,-1,-1,-1,-1,-1,-1,-1,-1,-1,0,0,0,2,191889408,4.82,3786784768,92.73
1678380686084246,-1,,4.91,10.64,6.00,2.02,1.00,-1,-1,-1,-1,-1,-1,-1,-1,-1,-1,0,0,0,2,191918080,4.82,3786756096,92.73
1678380691084358,-1,,7.89,11.84,6.83,1.40,11.68,-1,-1,-1,-1,-1,-1,-1,-1,-1,-1,0,0,0,2,191918080,4.82,3786756096,92.73
1678380696084423,-1,,5.33,8.91,1.81,2.21,8.23,-1,-1,-1,-1,-1,-1,-1,-1,-1,-1,0,0,0,2,191918080,4.82,3786756096,92.73
1678380701084490,-1,,5.11,10.44,1.81,3.79,4.60,-1,-1,-1,-1,-1,-1,-1,-1,-1,-1,0,0,0,2,192114688,4.83,3786559488,92.73
1678380706084572,-1,,6.75,11.81,7.80,2.82,4.44,-1,-1,-1,-1,-1,-1,-1,-1,-1,-1,0,0,0,2,192233472,4.83,3786440704,92.72
1678380711084639,-1,,5.20,9.13,6.24,1.61,3.63,-1,-1,-1,-1,-1,-1,-1,-1,-1,-1,0,0,0,2,192233472,4.83,3786440704,92.72
1678380716084720,-1,,6.52,10.68,8.18,4.63,2.84,-1,-1,-1,-1,-1,-1,-1,-1,-1,-1,0,0,0,2,191746048,4.82,3786928128,92.74
1678380721084807,-1,,20.81,12.98,11.47,5.52,52.50,-1,-1,-1,-1,-1,-1,-1,-1,-1,-1,0,0,0,2,148484096,3.73,3830190080,93.80
1678380726084873,-1,,8.19,9.48,10.02,1.41,12.07,-1,-1,-1,-1,-1,-1,-1,-1,-1,-1,0,0,0,2,193986560,4.88,3784687616,92.68
1678380731084938,-1,,7.70,9.98,14.03,4.41,2.21,-1,-1,-1,-1,-1,-1,-1,-1,-1,-1,0,0,0,2,193695744,4.87,3784978432,92.69
1678380736085019,-1,,6.02,10.18,5.99,3.00,4.98,-1,-1,-1,-1,-1,-1,-1,-1,-1,-1,0,0,0,2,193556480,4.86,3785117696,92.69
1678380741085084,-1,,6.13,12.77,6.83,1.21,3.64,-1,-1,-1,-1,-1,-1,-1,-1,-1,-1,0,0,0,2,193708032,4.87,3784966144,92.69
1678380746085149,-1,,7.01,11.93,10.58,2.40,3.62,-1,-1,-1,-1,-1,-1,-1,-1,-1,-1,0,0,0,2,193585152,4.87,3785089024,92.69
1678380751085222,-1,,6.07,9.48,1.80,7.65,5.03,-1,-1,-1,-1,-1,-1,-1,-1,-1,-1,0,0,0,2,193355776,4.86,3785318400,92.70
1678380756085285,-1,,4.90,8.98,3.21,5.63,2.01,-1,-1,-1,-1,-1,-1,-1,-1,-1,-1,0,0,0,2,193642496,4.87,3785031680,92.69
1678380761085350,-1,,8.19,11.66,0.20,12.65,8.33,-1,-1,-1,-1,-1,-1,-1,-1,-1,-1,0,0,0,2,193671168,4.87,3785003008,92.69
1678380766085435,-1,,5.87,9.40,3.78,3.77,6.19,-1,-1,-1,-1,-1,-1,-1,-1,-1,-1,0,0,0,2,193671168,4.87,3785003008,92.69
1678380771085499,-1,,5.54,8.67,10.48,1.80,1.41,-1,-1,-1,-1,-1,-1,-1,-1,-1,-1,0,0,0,2,193441792,4.86,3785232384,92.70
1678380776085579,-1,,3.81,7.14,3.41,3.39,1.59,-1,-1,-1,-1,-1,-1,-1,-1,-1,-1,0,0,0,2,193441792,4.86,3785232384,92.70
1678398258798812,-1,Restarted! | ,18.87,28.57,23.08,15.38,7.69,-1,-1,-1,-1,-1,-1,-1,-1,-1,-1,0,0,0,2,110661632,2.78,3868012544,94.72
1678398263799079,-1,,16.99,17.21,14.08,32.54,3.98,-1,-1,-1,-1,-1,-1,-1,-1,-1,-1,0,0,0,2,134217728,3.37,3844456448,94.15
1678398268799144,-1,,6.27,9.98,6.40,5.84,3.01,-1,-1,-1,-1,-1,-1,-1,-1,-1,-1,0,0,0,2,134217728,3.37,3844456448,94.15
1678398273799210,-1,,6.29,9.29,5.86,8.63,1.41,-1,-1,-1,-1,-1,-1,-1,-1,-1,-1,0,0,0,2,133988352,3.37,3844685824,94.15
1678398278799288,-1,,6.15,10.45,8.65,4.37,1.60,-1,-1,-1,-1,-1,-1,-1,-1,-1,-1,0,0,0,2,133988352,3.37,3844685824,94.15
1678398352240747,-1,Restarted! | ,13.46,30.77,8.33,7.69,7.69,-1,-1,-1,-1,-1,-1,-1,-1,-1,-1,0,0,0,2,110362624,2.77,3868311552,94.73
1678398357240837,-1,,47.18,51.31,47.75,43.36,45.70,-1,-1,-1,-1,-1,-1,-1,-1,-1,-1,0,0,0,2,106012672,2.66,3872661504,94.84
1678398362240907,-1,,48.48,52.52,39.58,53.31,48.40,-1,-1,-1,-1,-1,-1,-1,-1,-1,-1,0,0,0,2,103432192,2.60,3875241984,94.90
1678398367241292,-1,,51.64,56.42,61.59,43.06,45.21,-1,-1,-1,-1,-1,-1,-1,-1,-1,-1,0,0,0,2,100216832,2.52,3878457344,94.98
1678398453977778,-1,Restarted! | ,19.23,30.77,23.08,16.67,14.29,-1,-1,-1,-1,-1,-1,-1,-1,-1,-1,0,0,0,2,96038912,2.41,3882635264,95.08
1678398458978149,-1,,44.15,49.80,42.03,41.67,42.89,-1,-1,-1,-1,-1,-1,-1,-1,-1,-1,0,0,0,2,90247168,2.27,3888427008,95.22
1678398463978246,-1,,46.12,44.86,43.15,48.08,48.25,-1,-1,-1,-1,-1,-1,-1,-1,-1,-1,0,0,0,2,88084480,2.21,3890589696,95.28
1678398468978321,-1,,42.69,45.62,48.28,37.68,39.16,-1,-1,-1,-1,-1,-1,-1,-1,-1,-1,0,0,0,2,85327872,2.14,3893346304,95.34
1678398522457848,-1,Restarted! | ,13.46,35.71,7.69,15.38,7.14,-1,-1,-1,-1,-1,-1,-1,-1,-1,-1,0,0,0,2,91627520,2.30,3887046656,95.19
1678398527457924,-1,,48.64,52.23,47.61,48.36,46.01,-1,-1,-1,-1,-1,-1,-1,-1,-1,-1,0,0,0,2,88514560,2.22,3890159616,95.26
1678398532457994,-1,,45.31,42.28,54.07,52.46,32.35,-1,-1,-1,-1,-1,-1,-1,-1,-1,-1,0,0,0,2,86355968,2.17,3892318208,95.32
1678398537458072,-1,,37.74,39.76,42.57,35.58,33.12,-1,-1,-1,-1,-1,-1,-1,-1,-1,-1,0,0,0,2,88084480,2.21,3890589696,95.28
1678398564286912,-1,Restarted! | ,6.12,16.67,7.69,7.69,0.00,-1,-1,-1,-1,-1,-1,-1,-1,-1,-1,0,0,0,2,100139008,2.52,3878535168,94.98
1678398569286976,-1,,45.21,45.31,55.26,40.78,39.59,-1,-1,-1,-1,-1,-1,-1,-1,-1,-1,0,0,0,2,92483584,2.32,3886190592,95.17
1678398574287165,-1,,44.89,40.21,31.13,49.70,58.16,-1,-1,-1,-1,-1,-1,-1,-1,-1,-1,0,0,0,2,87359488,2.20,3891314688,95.29
1678398579287500,-1,,21.61,23.30,24.19,18.83,20.04,-1,-1,-1,-1,-1,-1,-1,-1,-1,-1,0,0,0,2,87965696,2.21,3890708480,95.28
1678398632666483,-1,Restarted! | ,11.76,25.00,14.29,0.00,15.38,-1,-1,-1,-1,-1,-1,-1,-1,-1,-1,0,0,0,2,101351424,2.55,3877322752,94.95
1678398637666560,-1,,45.32,50.51,41.72,49.70,39.26,-1,-1,-1,-1,-1,-1,-1,-1,-1,-1,0,0,0,2,94412800,2.37,3884261376,95.12
1678398642666631,-1,,48.31,49.69,61.16,43.67,38.89,-1,-1,-1,-1,-1,-1,-1,-1,-1,-1,0,0,0,2,91631616,2.30,3887042560,95.19
1678398647666700,-1,,27.17,28.54,22.72,25.25,32.26,-1,-1,-1,-1,-1,-1,-1,-1,-1,-1,0,0,0,2,90349568,2.27,3888324608,95.22
1678398696084216,-1,Restarted! | ,16.98,30.77,7.14,23.08,20.00,-1,-1,-1,-1,-1,-1,-1,-1,-1,-1,0,0,0,2,109367296,2.75,3869306880,94.75
1678398704095704,-1,Restarted! | ,17.31,35.71,7.14,30.77,7.69,-1,-1,-1,-1,-1,-1,-1,-1,-1,-1,0,0,0,2,95969280,2.41,3882704896,95.08
1678398709095804,-1,,45.62,51.43,42.48,44.06,44.31,-1,-1,-1,-1,-1,-1,-1,-1,-1,-1,0,0,0,2,91996160,2.31,3886678016,95.18
1678398714095946,-1,,46.55,40.62,52.47,59.23,33.68,-1,-1,-1,-1,-1,-1,-1,-1,-1,-1,0,0,0,2,89964544,2.26,3888709632,95.23
1678398719096049,-1,,36.83,33.20,41.21,36.38,36.53,-1,-1,-1,-1,-1,-1,-1,-1,-1,-1,0,0,0,2,88932352,2.24,3889741824,95.25
1678398724096116,-1,,50.56,43.41,64.37,48.16,46.30,-1,-1,-1,-1,-1,-1,-1,-1,-1,-1,0,0,0,2,86507520,2.17,3892166656,95.31
1678398729096257,-1,,19.85,21.49,17.87,25.30,15.07,-1,-1,-1,-1,-1,-1,-1,-1,-1,-1,0,0,0,2,90148864,2.27,3888525312,95.22
1678398734096305,-1,,7.55,8.74,3.00,2.61,15.38,-1,-1,-1,-1,-1,-1,-1,-1,-1,-1,0,0,0,2,89919488,2.26,3888754688,95.23
1678398739096384,-1,,37.43,39.43,42.71,33.87,33.95,-1,-1,-1,-1,-1,-1,-1,-1,-1,-1,0,0,0,2,90701824,2.28,3887972352,95.21
1678398744096463,-1,,50.56,47.86,58.52,58.28,37.40,-1,-1,-1,-1,-1,-1,-1,-1,-1,-1,0,0,0,2,88141824,2.22,3890532352,95.27
1678398749096530,-1,,48.57,42.13,55.10,36.94,60.20,-1,-1,-1,-1,-1,-1,-1,-1,-1,-1,0,0,0,2,89100288,2.24,3889573888,95.25
1678398754096597,-1,,47.07,45.57,48.97,43.27,50.42,-1,-1,-1,-1,-1,-1,-1,-1,-1,-1,0,0,0,2,85172224,2.14,3893501952,95.35
1678398759096672,-1,,49.39,46.25,64.79,55.72,30.72,-1,-1,-1,-1,-1,-1,-1,-1,-1,-1,0,0,0,2,86519808,2.17,3892154368,95.31
1678398764096741,-1,,55.40,49.48,63.78,50.10,57.76,-1,-1,-1,-1,-1,-1,-1,-1,-1,-1,0,0,0,2,86216704,2.17,3892457472,95.32
1678398769096820,-1,,48.04,45.19,48.78,48.57,49.80,-1,-1,-1,-1,-1,-1,-1,-1,-1,-1,0,0,0,2,88629248,2.23,3890044928,95.26
1678398774097644,-1,,68.62,60.41,82.47,57.26,74.17,-1,-1,-1,-1,-1,-1,-1,-1,-1,-1,0,0,0,2,86786048,2.18,3891888128,95.31
1678398779097711,-1,,57.35,54.77,59.08,64.97,50.51,-1,-1,-1,-1,-1,-1,-1,-1,-1,-1,0,0,0,2,131022848,3.29,3847651328,94.22
1678398784097795,-1,,52.20,56.22,53.96,40.45,58.01,-1,-1,-1,-1,-1,-1,-1,-1,-1,-1,0,0,0,2,126394368,3.18,3852279808,94.34
1678398789097867,-1,,42.59,35.98,47.34,42.08,44.78,-1,-1,-1,-1,-1,-1,-1,-1,-1,-1,0,0,0,2,124493824,3.13,3854180352,94.38
1678398794097939,-1,,51.73,55.31,52.32,39.09,60.04,-1,-1,-1,-1,-1,-1,-1,-1,-1,-1,0,0,0,2,123547648,3.11,3855126528,94.41
1678398799098206,-1,,51.82,41.68,63.47,54.62,47.27,-1,-1,-1,-1,-1,-1,-1,-1,-1,-1,0,0,0,2,120877056,3.04,3857797120,94.47
1678398804098301,-1,,47.16,51.73,50.51,45.12,41.07,-1,-1,-1,-1,-1,-1,-1,-1,-1,-1,0,0,0,2,119074816,2.99,3859599360,94.52
1678398809098370,-1,,50.69,43.80,58.25,63.10,37.78,-1,-1,-1,-1,-1,-1,-1,-1,-1,-1,0,0,0,2,116289536,2.92,3862384640,94.58
1678399281393283,-1,Restarted! | ,14.29,25.00,0.00,16.67,14.29,-1,-1,-1,-1,-1,-1,-1,-1,-1,-1,0,0,0,2,95162368,2.39,3883511808,95.10
1678399286393360,-1,,46.53,53.82,42.71,45.59,43.71,-1,-1,-1,-1,-1,-1,-1,-1,-1,-1,0,0,0,2,92262400,2.32,3886411776,95.17
1678399291393426,-1,,45.11,38.17,41.13,58.04,43.39,-1,-1,-1,-1,-1,-1,-1,-1,-1,-1,0,0,0,2,90406912,2.27,3888267264,95.22
1678399296393624,-1,,37.21,39.31,30.77,32.18,46.42,-1,-1,-1,-1,-1,-1,-1,-1,-1,-1,0,0,0,2,88891392,2.23,3889782784,95.26
1678399301393708,-1,,46.09,41.04,33.20,61.32,48.06,-1,-1,-1,-1,-1,-1,-1,-1,-1,-1,0,0,0,2,88006656,2.21,3890667520,95.28
1678399306393773,-1,,12.05,14.23,9.49,18.40,6.25,-1,-1,-1,-1,-1,-1,-1,-1,-1,-1,0,0,0,2,85790720,2.16,3892883456,95.33
1678399311393838,-1,,4.90,7.43,4.98,4.62,2.40,-1,-1,-1,-1,-1,-1,-1,-1,-1,-1,0,0,0,2,85790720,2.16,3892883456,95.33
1678399316393906,-1,,36.03,40.94,36.62,33.20,33.60,-1,-1,-1,-1,-1,-1,-1,-1,-1,-1,0,0,0,2,86974464,2.19,3891699712,95.30
1678399321393991,-1,,48.38,50.00,60.80,49.49,33.40,-1,-1,-1,-1,-1,-1,-1,-1,-1,-1,0,0,0,2,90361856,2.27,3888312320,95.22
1678399852587469,-1,Restarted! | ,10.20,33.33,7.69,16.67,7.14,-1,-1,-1,-1,-1,-1,-1,-1,-1,-1,0,0,0,2,104751104,2.63,3873923072,94.87
1678399857587540,-1,,45.34,51.87,40.95,41.68,46.37,-1,-1,-1,-1,-1,-1,-1,-1,-1,-1,0,0,0,2,103542784,2.60,3875131392,94.90
1678399862587612,-1,,34.30,38.27,35.66,28.81,34.62,-1,-1,-1,-1,-1,-1,-1,-1,-1,-1,0,0,0,2,104402944,2.62,3874271232,94.88
1678399867587691,-1,,26.81,31.57,23.63,24.08,27.68,-1,-1,-1,-1,-1,-1,-1,-1,-1,-1,0,0,0,2,103124992,2.59,3875549184,94.91
1678399872587751,-1,,38.12,37.07,48.48,37.25,29.65,-1,-1,-1,-1,-1,-1,-1,-1,-1,-1,0,0,0,2,101711872,2.56,3876962304,94.94
1678399877587780,-1,,7.15,9.15,9.66,2.81,7.04,-1,-1,-1,-1,-1,-1,-1,-1,-1,-1,0,0,0,2,101482496,2.55,3877191680,94.95
1678399882587846,-1,,6.98,7.32,8.82,7.40,4.77,-1,-1,-1,-1,-1,-1,-1,-1,-1,-1,0,0,0,2,100450304,2.52,3878223872,94.97
1678399887587917,-1,,46.06,50.41,44.22,40.00,49.60,-1,-1,-1,-1,-1,-1,-1,-1,-1,-1,0,0,0,2,98095104,2.47,3880579072,95.03
1678399892587990,-1,,47.82,43.12,54.27,41.80,51.75,-1,-1,-1,-1,-1,-1,-1,-1,-1,-1,0,0,0,2,95952896,2.41,3882721280,95.08
1678399897588060,-1,,48.57,54.85,42.36,55.78,41.30,-1,-1,-1,-1,-1,-1,-1,-1,-1,-1,0,0,0,2,95793152,2.41,3882881024,95.09
1678399902588190,-1,,49.39,47.33,50.61,58.86,40.91,-1,-1,-1,-1,-1,-1,-1,-1,-1,-1,0,0,0,2,95592448,2.40,3883081728,95.09
1678399907590155,-1,,46.46,43.22,43.97,56.82,41.87,-1,-1,-1,-1,-1,-1,-1,-1,-1,-1,0,0,0,2,92090368,2.31,3886583808,95.18
1678399912590232,-1,,54.12,56.35,53.67,52.00,54.29,-1,-1,-1,-1,-1,-1,-1,-1,-1,-1,0,0,0,2,90333184,2.27,3888340992,95.22
1678399917590304,-1,,49.28,53.94,57.17,39.67,46.33,-1,-1,-1,-1,-1,-1,-1,-1,-1,-1,0,0,0,2,87920640,2.21,3890753536,95.28
1678399922590394,-1,,45.35,48.07,44.10,48.68,40.57,-1,-1,-1,-1,-1,-1,-1,-1,-1,-1,0,0,0,2,89464832,2.25,3889209344,95.24
1678400403929401,-1,Restarted! | ,14.00,33.33,14.29,15.38,0.00,-1,-1,-1,-1,-1,-1,-1,-1,-1,-1,0,0,0,2,96079872,2.41,3882594304,95.08
1678400408929470,-1,,43.18,48.28,41.77,42.40,40.08,-1,-1,-1,-1,-1,-1,-1,-1,-1,-1,0,0,0,2,92540928,2.33,3886133248,95.17
1678400413929637,-1,,46.83,43.09,54.11,42.15,48.13,-1,-1,-1,-1,-1,-1,-1,-1,-1,-1,0,0,0,2,91947008,2.31,3886727168,95.18
1678400418929705,-1,,26.52,29.50,24.54,21.38,30.28,-1,-1,-1,-1,-1,-1,-1,-1,-1,-1,0,0,0,2,91189248,2.29,3887484928,95.20
1678400423929804,-1,,45.06,44.58,34.70,52.31,48.60,-1,-1,-1,-1,-1,-1,-1,-1,-1,-1,0,0,0,2,88436736,2.22,3890237440,95.27
1678400428929869,-1,,16.71,20.92,10.63,20.72,14.54,-1,-1,-1,-1,-1,-1,-1,-1,-1,-1,0,0,0,2,87080960,2.19,3891593216,95.30
1678400433929934,-1,,6.99,8.85,9.96,2.20,6.80,-1,-1,-1,-1,-1,-1,-1,-1,-1,-1,0,0,0,2,87080960,2.19,3891593216,95.30
1678400438930036,-1,,10.33,14.63,5.84,7.07,13.37,-1,-1,-1,-1,-1,-1,-1,-1,-1,-1,0,0,0,2,87379968,2.20,3891294208,95.29
1678400443930102,-1,,7.38,9.13,6.59,5.99,8.00,-1,-1,-1,-1,-1,-1,-1,-1,-1,-1,0,0,0,2,86937600,2.19,3891736576,95.30
1678400448930170,-1,,6.42,8.72,2.40,3.59,10.96,-1,-1,-1,-1,-1,-1,-1,-1,-1,-1,0,0,0,2,87302144,2.19,3891372032,95.29
1678414681637731,-1,Restarted! | ,14.81,33.33,0.00,14.29,7.69,-1,-1,-1,-1,-1,-1,-1,-1,-1,-1,0,0,0,2,126955520,3.19,3851718656,94.32
1678414686637812,-1,,5.96,11.11,2.03,1.81,9.07,-1,-1,-1,-1,-1,-1,-1,-1,-1,-1,0,0,0,2,126455808,3.18,3852218368,94.34
1678414691637878,-1,,3.98,6.91,2.02,2.20,4.44,-1,-1,-1,-1,-1,-1,-1,-1,-1,-1,0,0,0,2,126226432,3.17,3852447744,94.34
1678414696637958,-1,,5.75,11.79,4.18,6.09,1.40,-1,-1,-1,-1,-1,-1,-1,-1,-1,-1,0,0,0,2,126226432,3.17,3852447744,94.34
1678414701638024,-1,,4.08,8.11,4.02,4.02,0.40,-1,-1,-1,-1,-1,-1,-1,-1,-1,-1,0,0,0,2,126226432,3.17,3852447744,94.34
1678414706638106,-1,,5.66,12.32,3.39,2.01,4.66,-1,-1,-1,-1,-1,-1,-1,-1,-1,-1,0,0,0,2,126283776,3.17,3852390400,94.34
1678414711638171,-1,,4.77,8.33,6.01,1.80,3.19,-1,-1,-1,-1,-1,-1,-1,-1,-1,-1,0,0,0,2,127057920,3.19,3851616256,94.32
1678414716638237,-1,,4.06,6.73,4.20,1.40,3.41,-1,-1,-1,-1,-1,-1,-1,-1,-1,-1,0,0,0,2,126799872,3.19,3851874304,94.33
1678414721638310,-1,,6.72,10.49,10.58,2.81,3.62,-1,-1,-1,-1,-1,-1,-1,-1,-1,-1,0,0,0,2,126799872,3.19,3851874304,94.33
1678414726638375,-1,,4.27,8.91,4.64,0.00,3.39,-1,-1,-1,-1,-1,-1,-1,-1,-1,-1,0,0,0,2,126799872,3.19,3851874304,94.33
1678414731638442,-1,,3.71,7.51,2.79,3.41,1.00,-1,-1,-1,-1,-1,-1,-1,-1,-1,-1,0,0,0,2,126799872,3.19,3851874304,94.33
1678414736638524,-1,,5.55,11.25,4.41,1.20,5.67,-1,-1,-1,-1,-1,-1,-1,-1,-1,-1,0,0,0,2,126853120,3.19,3851821056,94.33
1678414761832133,-1,Restarted! | ,15.85,22.73,4.76,5.00,35.00,-1,-1,-1,-1,-1,-1,-1,-1,-1,-1,0,0,0,-1,125890560,3.16,3852783616,94.35
1678414766832213,-1,,4.89,11.04,5.04,3.60,0.00,-1,-1,-1,-1,-1,-1,-1,-1,-1,-1,0,0,0,2,125632512,3.16,3853041664,94.36
1678414771832277,-1,,4.45,6.95,0.61,4.02,6.61,-1,-1,-1,-1,-1,-1,-1,-1,-1,-1,0,0,0,2,126980096,3.19,3851694080,94.32
1678414776832342,-1,,3.77,6.13,0.00,4.97,3.63,-1,-1,-1,-1,-1,-1,-1,-1,-1,-1,0,0,0,2,126980096,3.19,3851694080,94.32
1678414781832411,-1,,4.61,10.64,0.60,5.40,1.80,-1,-1,-1,-1,-1,-1,-1,-1,-1,-1,0,0,0,2,126980096,3.19,3851694080,94.32
1678414934872815,-1,Restarted! | ,14.81,15.79,0.00,5.00,42.86,-1,-1,-1,-1,-1,-1,-1,-1,-1,-1,0,0,0,-1,126267392,3.17,3852406784,94.34
1678414939872896,-1,,4.55,10.04,3.17,0.99,4.15,-1,-1,-1,-1,-1,-1,-1,-1,-1,-1,0,0,0,2,126296064,3.17,3852378112,94.34
1678415196257548,-1,Restarted! | ,19.85,9.68,47.06,2.94,16.13,-1,-1,-1,-1,-1,-1,-1,-1,-1,-1,0,0,0,-1,132169728,3.32,3846504448,94.20
1678415201257601,-1,,4.01,7.63,2.21,2.79,3.59,-1,-1,-1,-1,-1,-1,-1,-1,-1,-1,0,0,0,2,132354048,3.33,3846320128,94.19
1678415206257665,-1,,4.54,7.35,4.40,4.05,2.20,-1,-1,-1,-1,-1,-1,-1,-1,-1,-1,0,0,0,2,132354048,3.33,3846320128,94.19
1678416491022617,-1,Restarted! | ,7.71,3.54,17.70,5.26,3.51,-1,-1,-1,-1,-1,-1,-1,-1,-1,-1,0,0,0,2,539426816,13.56,3439771648,84.24
1678416496022697,-1,,4.11,7.93,3.59,2.00,3.00,-1,-1,-1,-1,-1,-1,-1,-1,-1,-1,0,0,0,2,539123712,13.55,3440074752,84.24
1678416501022763,-1,,4.27,7.14,4.37,3.61,2.01,-1,-1,-1,-1,-1,-1,-1,-1,-1,-1,0,0,0,2,539213824,13.55,3439984640,84.24
1678416506022827,-1,,4.05,8.25,1.41,2.00,4.18,-1,-1,-1,-1,-1,-1,-1,-1,-1,-1,0,0,0,2,538955776,13.55,3440242688,84.25
1678416511022895,-1,,3.97,9.18,3.01,2.20,1.61,-1,-1,-1,-1,-1,-1,-1,-1,-1,-1,0,0,0,2,538791936,13.54,3440406528,84.25
1678416516022979,-1,,6.87,11.43,7.50,3.85,4.64,-1,-1,-1,-1,-1,-1,-1,-1,-1,-1,0,0,0,2,539308032,13.55,3439890432,84.24
1678416521023044,-1,,4.16,9.26,0.81,3.40,3.80,-1,-1,-1,-1,-1,-1,-1,-1,-1,-1,0,0,0,2,539049984,13.55,3440148480,84.24
1678416526023123,-1,,6.75,11.02,2.60,3.23,9.82,-1,-1,-1,-1,-1,-1,-1,-1,-1,-1,0,0,0,2,539049984,13.55,3440148480,84.24
1678416531023144,-1,,3.99,6.75,3.59,3.23,2.63,-1,-1,-1,-1,-1,-1,-1,-1,-1,-1,0,0,0,2,539049984,13.55,3440148480,84.24
1678416536023228,-1,,7.30,11.38,5.89,2.21,9.68,-1,-1,-1,-1,-1,-1,-1,-1,-1,-1,0,2,0,2,539049984,13.55,3440148480,84.24
1678416565594046,-1,Restarted! | ,6.65,7.08,0.88,1.75,18.58,-1,-1,-1,-1,-1,-1,-1,-1,-1,-1,0,0,0,2,539291648,13.55,3439906816,84.24
1678416894556136,-1,Restarted! | ,17.23,2.68,2.75,7.02,57.52,-1,-1,-1,-1,-1,-1,-1,-1,-1,-1,0,0,0,2,512110592,12.87,3467087872,84.90
1678416899556203,-1,,28.35,32.86,22.84,27.25,30.10,-1,-1,-1,-1,-1,-1,-1,-1,-1,-1,0,0,0,2,509956096,12.82,3469242368,84.96
1678416904556282,-1,,18.51,26.27,13.79,19.15,14.63,-1,-1,-1,-1,-1,-1,-1,-1,-1,-1,0,0,0,2,511746048,12.86,3467452416,84.91
1678416909556420,-1,,12.37,17.44,10.69,12.65,8.91,-1,-1,-1,-1,-1,-1,-1,-1,-1,-1,0,0,0,2,508624896,12.78,3470573568,84.99
1678416914556484,-1,,25.55,31.12,18.61,22.73,29.58,-1,-1,-1,-1,-1,-1,-1,-1,-1,-1,0,0,0,2,506671104,12.73,3472527360,85.04
1678416919556579,-1,,7.24,13.79,5.20,4.02,5.86,-1,-1,-1,-1,-1,-1,-1,-1,-1,-1,0,0,0,2,507703296,12.76,3471495168,85.01
1678416924556645,-1,,3.63,9.37,2.01,3.23,0.20,-1,-1,-1,-1,-1,-1,-1,-1,-1,-1,0,0,0,2,508047360,12.77,3471151104,85.00
1678416929556709,-1,,6.88,13.08,2.83,6.65,4.77,-1,-1,-1,-1,-1,-1,-1,-1,-1,-1,0,0,0,2,508076032,12.77,3471122432,85.00
1678417305364227,-1,Restarted! | ,15.80,2.65,1.83,0.91,56.64,-1,-1,-1,-1,-1,-1,-1,-1,-1,-1,0,0,0,2,507858944,12.76,3471339520,85.01
1678417310364299,-1,,26.56,34.80,25.15,23.28,22.71,-1,-1,-1,-1,-1,-1,-1,-1,-1,-1,0,0,0,2,506171392,12.72,3473027072,85.05
1678417315364363,-1,,18.57,23.43,12.65,19.43,18.55,-1,-1,-1,-1,-1,-1,-1,-1,-1,-1,0,0,0,2,502628352,12.63,3476570112,85.14
1678417320364439,-1,,16.15,23.41,12.58,12.78,15.90,-1,-1,-1,-1,-1,-1,-1,-1,-1,-1,0,0,0,2,504971264,12.69,3474227200,85.08
1678417325364478,-1,,26.01,34.85,23.81,22.92,22.18,-1,-1,-1,-1,-1,-1,-1,-1,-1,-1,0,0,0,2,503656448,12.66,3475542016,85.11
1678417330364544,-1,,25.19,26.49,22.61,25.10,26.36,-1,-1,-1,-1,-1,-1,-1,-1,-1,-1,0,0,0,2,503226368,12.65,3475972096,85.12
1678417335364620,-1,,5.99,9.09,1.41,9.80,3.81,-1,-1,-1,-1,-1,-1,-1,-1,-1,-1,0,0,0,2,502550528,12.63,3476647936,85.14
1678417340364687,-1,,6.08,8.48,4.79,7.43,3.82,-1,-1,-1,-1,-1,-1,-1,-1,-1,-1,0,0,0,2,502550528,12.63,3476647936,85.14
1678419083836459,-1,Restarted! | ,4.90,2.68,3.54,0.89,12.39,-1,-1,-1,-1,-1,-1,-1,-1,-1,-1,0,0,0,2,528273408,13.28,3450925056,84.51
1678419748704776,-1,Restarted! | ,16.52,5.45,56.76,2.65,0.88,-1,-1,-1,-1,-1,-1,-1,-1,-1,-1,0,0,0,2,502841344,12.64,3476357120,85.13
1678419753704852,-1,,25.43,33.20,23.54,23.69,21.30,-1,-1,-1,-1,-1,-1,-1,-1,-1,-1,0,0,0,2,500240384,12.57,3478958080,85.19
1678419758704917,-1,,14.40,17.17,14.98,11.92,13.50,-1,-1,-1,-1,-1,-1,-1,-1,-1,-1,0,0,0,2,499826688,12.56,3479371776,85.21
1678419763704986,-1,,11.12,16.13,10.82,8.70,9.04,-1,-1,-1,-1,-1,-1,-1,-1,-1,-1,0,0,0,2,500469760,12.58,3478728704,85.19
1678419768705054,-1,,23.37,32.20,17.45,16.26,27.35,-1,-1,-1,-1,-1,-1,-1,-1,-1,-1,0,0,0,2,497328128,12.50,3481870336,85.27
1678419773705127,-1,,21.54,26.81,22.00,19.60,17.51,-1,-1,-1,-1,-1,-1,-1,-1,-1,-1,0,0,0,2,496279552,12.47,3482918912,85.29
1678419778705192,-1,,9.14,13.94,4.23,11.80,6.97,-1,-1,-1,-1,-1,-1,-1,-1,-1,-1,0,0,0,2,498626560,12.53,3480571904,85.23
1678419783705272,-1,,4.45,8.72,2.20,2.79,3.60,-1,-1,-1,-1,-1,-1,-1,-1,-1,-1,0,0,0,2,499658752,12.56,3479539712,85.21
1678419788705336,-1,,4.53,8.10,1.41,3.62,5.60,-1,-1,-1,-1,-1,-1,-1,-1,-1,-1,0,0,0,2,499429376,12.55,3479769088,85.21
1678420946908301,-1,Restarted! | ,16.59,2.68,4.59,0.90,55.75,-1,-1,-1,-1,-1,-1,-1,-1,-1,-1,0,0,0,2,497180672,12.50,3482017792,85.27
1678420951908382,-1,,23.03,30.83,24.90,19.96,16.33,-1,-1,-1,-1,-1,-1,-1,-1,-1,-1,0,0,0,2,494465024,12.43,3484733440,85.34
1678420956908539,-1,,16.75,23.08,17.03,15.56,11.45,-1,-1,-1,-1,-1,-1,-1,-1,-1,-1,0,0,0,2,495923200,12.46,3483275264,85.30
1678420961908628,-1,,15.22,21.80,8.40,13.97,16.50,-1,-1,-1,-1,-1,-1,-1,-1,-1,-1,0,0,0,2,493690880,12.41,3485507584,85.36
1678420966908693,-1,,15.50,19.27,16.27,8.81,17.54,-1,-1,-1,-1,-1,-1,-1,-1,-1,-1,0,0,0,2,494067712,12.42,3485130752,85.35
1678420971908764,-1,,6.93,11.76,4.23,7.41,4.60,-1,-1,-1,-1,-1,-1,-1,-1,-1,-1,0,0,0,2,493551616,12.40,3485646848,85.36
1678420976908831,-1,,4.05,8.05,2.99,4.20,0.60,-1,-1,-1,-1,-1,-1,-1,-1,-1,-1,0,0,0,2,492519424,12.38,3486679040,85.38
1678420981908897,-1,,6.45,12.55,5.88,2.21,5.42,-1,-1,-1,-1,-1,-1,-1,-1,-1,-1,0,0,0,2,493035520,12.39,3486162944,85.37
1678421017284412,-1,,1.59,3.18,0.89,1.69,0.60,-1,-1,-1,-1,-1,-1,-1,-1,-1,-1,-1,-1,-1,-1,492650496,-49265049600.00,3486547968,-348654796800.00
1678421022284477,-1,,22.05,38.34,6.24,1.81,41.95,-1,-1,-1,-1,-1,-1,-1,-1,-1,-1,-1,-1,-1,-1,519139328,-51913932800.00,3460059136,-346005913600.00
1678421027284558,-1,,1.36,2.87,0.40,2.01,0.00,-1,-1,-1,-1,-1,-1,-1,-1,-1,-1,-1,-1,-1,-1,519139328,-51913932800.00,3460059136,-346005913600.00
1678421045665088,-1,Restarted! | ,16.67,54.46,9.01,3.51,0.88,-1,-1,-1,-1,-1,-1,-1,-1,-1,-1,0,0,0,2,496459776,12.48,3482738688,85.29
1678421050665169,-1,,4.40,8.89,2.59,1.60,4.57,-1,-1,-1,-1,-1,-1,-1,-1,-1,-1,0,0,0,2,496459776,12.48,3482738688,85.29
1678421055665258,-1,,3.18,6.72,1.21,1.81,3.21,-1,-1,-1,-1,-1,-1,-1,-1,-1,-1,0,0,0,2,496459776,12.48,3482738688,85.29
1678421060665323,-1,,6.53,11.04,4.20,10.64,0.40,-1,-1,-1,-1,-1,-1,-1,-1,-1,-1,0,0,0,2,522780672,13.14,3456417792,84.64
1678421065665405,-1,,4.94,11.86,0.80,4.06,3.02,-1,-1,-1,-1,-1,-1,-1,-1,-1,-1,0,0,0,2,522780672,13.14,3456417792,84.64
1678421070665470,-1,,4.78,8.47,0.00,3.21,7.23,-1,-1,-1,-1,-1,-1,-1,-1,-1,-1,0,0,0,2,522809344,13.14,3456389120,84.64
1678421222016622,-1,Restarted! | ,19.11,6.42,7.08,0.88,61.40,-1,-1,-1,-1,-1,-1,-1,-1,-1,-1,0,0,0,2,495296512,12.45,3483901952,85.32
1678421227016700,-1,,22.35,30.86,16.36,23.49,18.13,-1,-1,-1,-1,-1,-1,-1,-1,-1,-1,0,0,0,2,491868160,12.36,3487330304,85.40
1678421232016765,-1,,14.71,21.47,13.13,12.17,12.35,-1,-1,-1,-1,-1,-1,-1,-1,-1,-1,0,0,0,2,491556864,12.35,3487641600,85.41
1678421237016798,-1,,11.26,17.74,8.67,8.15,10.24,-1,-1,-1,-1,-1,-1,-1,-1,-1,-1,0,0,0,2,490110976,12.32,3489087488,85.44
1678421242016865,-1,,17.40,21.66,13.97,15.59,18.33,-1,-1,-1,-1,-1,-1,-1,-1,-1,-1,0,0,0,2,490876928,12.34,3488321536,85.42
1678421367120509,-1,Restarted! | ,19.03,6.14,3.60,62.50,3.48,-1,-1,-1,-1,-1,-1,-1,-1,-1,-1,0,0,0,2,489390080,12.30,3489808384,85.46
1678421372120577,-1,,22.86,29.12,22.94,18.20,20.99,-1,-1,-1,-1,-1,-1,-1,-1,-1,-1,0,0,0,2,487292928,12.25,3491905536,85.51
1678421377120862,-1,,15.36,21.29,17.23,13.05,10.22,-1,-1,-1,-1,-1,-1,-1,-1,-1,-1,0,0,0,2,488075264,12.27,3491123200,85.49
1678421382121066,-1,,13.43,18.24,11.38,11.47,12.73,-1,-1,-1,-1,-1,-1,-1,-1,-1,-1,0,0,0,2,487874560,12.26,3491323904,85.50
1678421387121133,-1,,17.00,21.33,13.77,16.77,15.76,-1,-1,-1,-1,-1,-1,-1,-1,-1,-1,0,0,0,2,484880384,12.19,3494318080,85.57
1678421392121214,-1,,6.59,11.86,4.59,4.44,5.79,-1,-1,-1,-1,-1,-1,-1,-1,-1,-1,0,0,0,2,483848192,12.16,3495350272,85.60
1678421450671940,-1,Restarted! | ,16.04,23.89,35.40,0.89,4.46,-1,-1,-1,-1,-1,-1,-1,-1,-1,-1,0,0,0,2,489066496,12.29,3490131968,85.47
1678421455672019,-1,,3.91,8.70,1.40,3.59,1.81,-1,-1,-1,-1,-1,-1,-1,-1,-1,-1,0,0,0,2,488808448,12.29,3490390016,85.47
1678421762277529,-1,Restarted! | ,17.88,50.00,1.77,15.93,6.09,-1,-1,-1,-1,-1,-1,-1,-1,-1,-1,0,0,0,2,492830720,12.39,3486367744,85.38
1678421767277903,-1,,20.44,27.91,16.19,20.20,17.37,-1,-1,-1,-1,-1,-1,-1,-1,-1,-1,0,0,0,2,485965824,12.21,3493232640,85.54
1678421772278048,-1,,13.61,16.57,13.56,11.07,13.08,-1,-1,-1,-1,-1,-1,-1,-1,-1,-1,0,0,0,2,484794368,12.18,3494404096,85.57
1678421777278113,-1,,11.38,17.24,6.11,12.35,9.98,-1,-1,-1,-1,-1,-1,-1,-1,-1,-1,0,0,0,2,481923072,12.11,3497275392,85.64
1678421782278177,-1,,18.45,23.43,13.06,20.84,16.06,-1,-1,-1,-1,-1,-1,-1,-1,-1,-1,0,0,0,2,482525184,12.13,3496673280,85.63
1678421787278239,-1,,5.81,9.24,5.41,2.62,6.41,-1,-1,-1,-1,-1,-1,-1,-1,-1,-1,0,0,0,2,478429184,12.02,3500769280,85.73
1678421792278304,-1,,4.20,7.68,1.20,4.18,3.59,-1,-1,-1,-1,-1,-1,-1,-1,-1,-1,0,0,0,2,482324480,12.12,3496873984,85.63
1678421839874862,-1,Restarted! | ,20.76,10.81,4.46,8.85,60.18,-1,-1,-1,-1,-1,-1,-1,-1,-1,-1,0,0,0,2,484450304,12.18,3494748160,85.58
1678421844874926,-1,,12.36,18.35,12.22,9.72,8.55,-1,-1,-1,-1,-1,-1,-1,-1,-1,-1,0,0,0,2,482295808,12.12,3496902656,85.63
1678422047469344,-1,Restarted! | ,18.00,8.70,4.46,3.60,55.86,-1,-1,-1,-1,-1,-1,-1,-1,-1,-1,0,0,0,2,482603008,12.13,3496595456,85.63
1678422121562948,-1,Restarted! | ,6.30,14.48,4.67,1.36,4.56,-1,-1,-1,-1,-1,-1,-1,-1,-1,-1,0,0,0,2,485720064,12.21,3493478400,85.55
1678422126563016,-1,,19.60,26.63,17.28,16.97,17.38,-1,-1,-1,-1,-1,-1,-1,-1,-1,-1,0,0,0,2,477749248,12.01,3501449216,85.75
1678422131563083,-1,,14.41,15.35,13.81,18.22,10.18,-1,-1,-1,-1,-1,-1,-1,-1,-1,-1,0,0,0,2,475906048,11.96,3503292416,85.79
1678422136563151,-1,,15.59,23.00,13.60,13.28,12.80,-1,-1,-1,-1,-1,-1,-1,-1,-1,-1,0,0,0,2,478543872,12.03,3500654592,85.73
1678422141563216,-1,,14.50,16.49,15.90,12.25,13.21,-1,-1,-1,-1,-1,-1,-1,-1,-1,-1,0,0,0,2,478040064,12.02,3501158400,85.74
1678422146563297,-1,,5.24,9.90,3.61,4.39,3.19,-1,-1,-1,-1,-1,-1,-1,-1,-1,-1,0,0,0,2,478298112,12.02,3500900352,85.73
1678422151563361,-1,,3.93,6.95,3.23,1.41,3.80,-1,-1,-1,-1,-1,-1,-1,-1,-1,-1,0,0,0,2,478695424,12.03,3500503040,85.72
1678422156563441,-1,,7.24,11.78,5.42,2.81,9.07,-1,-1,-1,-1,-1,-1,-1,-1,-1,-1,0,0,0,2,477679616,12.01,3501518848,85.75
1678422161563509,-1,,4.56,10.36,1.60,2.02,4.58,-1,-1,-1,-1,-1,-1,-1,-1,-1,-1,0,0,0,2,477163520,11.99,3502034944,85.76
1678422166563574,-1,,6.68,12.88,4.00,4.86,5.01,-1,-1,-1,-1,-1,-1,-1,-1,-1,-1,0,0,0,2,476647424,11.98,3502551040,85.77
1678422171563640,-1,,10.53,14.95,8.03,7.30,11.47,-1,-1,-1,-1,-1,-1,-1,-1,-1,-1,0,0,0,2,477507584,12.00,3501690880,85.75
1678422201694656,-1,,1.59,3.18,0.90,1.70,0.60,-1,-1,-1,-1,-1,-1,-1,-1,-1,-1,-1,-1,-1,-1,475480064,-47548006400.00,3503718400,-350371840000.00
1678422206694724,-1,,26.17,2.64,100.00,1.41,0.20,-1,-1,-1,-1,-1,-1,-1,-1,-1,-1,-1,-1,-1,-1,475820032,-47582003200.00,3503378432,-350337843200.00
1678422211694754,-1,,19.78,10.53,65.73,0.81,1.60,-1,-1,-1,-1,-1,-1,-1,-1,-1,-1,-1,-1,-1,-1,502943744,-50294374400.00,3476254720,-347625472000.00
1678422250447133,-1,Restarted! | ,5.53,2.33,3.67,3.48,12.77,-1,-1,-1,-1,-1,-1,-1,-1,-1,-1,0,0,0,2,476868608,11.99,3502329856,85.77
1678422255447207,-1,,3.77,8.05,5.38,0.40,1.21,-1,-1,-1,-1,-1,-1,-1,-1,-1,-1,0,0,0,2,476123136,11.97,3503075328,85.79
1678475940671708,-1,Restarted! | ,7.94,19.38,2.71,8.65,0.97,-1,-1,-1,-1,-1,-1,-1,-1,-1,-1,0,0,0,2,475525120,11.95,3503673344,85.80
1678475945671774,-1,,43.60,48.26,41.41,40.72,43.92,-1,-1,-1,-1,-1,-1,-1,-1,-1,-1,0,0,0,2,472788992,11.88,3506409472,85.87
1678475950671804,-1,,48.27,53.86,47.06,41.06,50.73,-1,-1,-1,-1,-1,-1,-1,-1,-1,-1,0,0,0,2,470249472,11.82,3508948992,85.93
1678475955671889,-1,,48.39,45.75,47.86,49.38,50.91,-1,-1,-1,-1,-1,-1,-1,-1,-1,-1,0,0,0,2,467771392,11.76,3511427072,85.99
1678475960671959,-1,,44.93,51.52,37.09,36.08,54.94,-1,-1,-1,-1,-1,-1,-1,-1,-1,-1,0,0,0,2,467324928,11.75,3511873536,86.00
1678475965672033,-1,,15.70,16.63,19.04,11.02,15.93,-1,-1,-1,-1,-1,-1,-1,-1,-1,-1,0,0,0,2,465608704,11.70,3513589760,86.04
1678475970672131,-1,,34.53,37.27,41.18,28.19,31.48,-1,-1,-1,-1,-1,-1,-1,-1,-1,-1,0,0,0,2,464068608,11.66,3515129856,86.08
1678475975672198,-1,,20.31,21.47,30.06,13.82,15.45,-1,-1,-1,-1,-1,-1,-1,-1,-1,-1,0,0,0,2,462327808,11.62,3516870656,86.12
1678475980672225,-1,,6.86,8.54,13.43,3.25,2.80,-1,-1,-1,-1,-1,-1,-1,-1,-1,-1,0,0,0,2,463904768,11.66,3515293696,86.08
1678476012842290,-1,,1.60,3.19,0.90,1.70,0.60,-1,-1,-1,-1,-1,-1,-1,-1,-1,-1,-1,-1,-1,-1,459710464,-45971046400.00,3519488000,-351948800000.00
1678476017843291,-1,,34.32,95.61,9.44,21.33,10.66,-1,-1,-1,-1,-1,-1,-1,-1,-1,-1,-1,-1,-1,-1,460161024,-46016102400.00,3519037440,-351903744000.00
1678476022843579,-1,,8.08,6.52,3.61,1.40,20.68,-1,-1,-1,-1,-1,-1,-1,-1,-1,-1,-1,-1,-1,-1,489594880,-48959488000.00,3489603584,-348960358400.00
1678476027843798,-1,,4.20,6.43,3.21,5.22,2.01,-1,-1,-1,-1,-1,-1,-1,-1,-1,-1,-1,-1,-1,-1,489852928,-48985292800.00,3489345536,-348934553600.00
1678476032844391,-1,,26.66,28.19,22.15,26.48,29.58,-1,-1,-1,-1,-1,-1,-1,-1,-1,-1,-1,-1,-1,-1,488103936,-48810393600.00,3491094528,-349109452800.00
1678476072110361,-1,Restarted! | ,7.96,14.51,1.77,12.35,3.36,-1,-1,-1,-1,-1,-1,-1,-1,-1,-1,0,0,0,2,468066304,11.76,3511132160,85.98
1678476077110566,-1,,7.19,8.23,2.40,14.80,3.17,-1,-1,-1,-1,-1,-1,-1,-1,-1,-1,0,0,0,2,467550208,11.75,3511648256,86.00
1678476209971816,-1,Restarted! | ,6.62,3.90,10.87,2.33,9.59,-1,-1,-1,-1,-1,-1,-1,-1,-1,-1,0,0,0,2,465285120,11.69,3513913344,86.05
1678476214971888,-1,,41.76,47.67,35.68,39.33,44.17,-1,-1,-1,-1,-1,-1,-1,-1,-1,-1,0,0,0,2,460943360,11.59,3518255104,86.16
1678476219971955,-1,,46.78,44.72,46.42,45.32,50.52,-1,-1,-1,-1,-1,-1,-1,-1,-1,-1,0,0,0,2,455712768,11.45,3523485696,86.29
1678476224972047,-1,,28.20,34.15,27.22,22.38,29.00,-1,-1,-1,-1,-1,-1,-1,-1,-1,-1,0,0,0,2,456486912,11.47,3522711552,86.27
1678476229972126,-1,,42.06,46.12,46.95,37.01,38.29,-1,-1,-1,-1,-1,-1,-1,-1,-1,-1,0,0,0,2,455340032,11.44,3523858432,86.29
1678476234972191,-1,,10.69,14.20,7.17,10.30,11.29,-1,-1,-1,-1,-1,-1,-1,-1,-1,-1,0,0,0,2,454598656,11.43,3524599808,86.31
1678476293181505,-1,Restarted! | ,26.68,22.51,28.65,17.73,37.72,-1,-1,-1,-1,-1,-1,-1,-1,-1,-1,0,0,0,2,451239936,11.34,3527958528,86.39
1678476298181606,-1,,4.83,10.18,3.01,2.98,3.22,-1,-1,-1,-1,-1,-1,-1,-1,-1,-1,0,0,0,2,451239936,11.34,3527958528,86.39
1678476303181670,-1,,5.13,8.67,1.41,2.42,8.22,-1,-1,-1,-1,-1,-1,-1,-1,-1,-1,0,0,0,2,451239936,11.34,3527958528,86.39
1678476308181769,-1,,7.46,8.48,7.78,11.22,2.40,-1,-1,-1,-1,-1,-1,-1,-1,-1,-1,0,0,0,2,450932736,11.33,3528265728,86.40
1678476313181835,-1,,6.96,10.98,0.80,9.24,6.84,-1,-1,-1,-1,-1,-1,-1,-1,-1,-1,0,0,0,2,451190784,11.34,3528007680,86.40
1678476318181899,-1,,7.80,7.89,2.79,18.36,1.98,-1,-1,-1,-1,-1,-1,-1,-1,-1,-1,0,0,0,2,451190784,11.34,3528007680,86.40
1678477410990919,-1,Restarted! | ,7.08,16.21,0.20,4.66,7.23,-1,-1,-1,-1,-1,-1,-1,-1,-1,-1,0,0,0,2,449798144,11.31,3529400320,86.43
1678477415990991,-1,,43.48,49.29,42.30,40.52,41.65,-1,-1,-1,-1,-1,-1,-1,-1,-1,-1,0,0,0,2,445747200,11.20,3533451264,86.53
1678477420991070,-1,,47.22,49.69,53.46,43.15,42.60,-1,-1,-1,-1,-1,-1,-1,-1,-1,-1,0,0,0,2,444002304,11.16,3535196160,86.57
1678477425991141,-1,,48.64,57.72,40.87,49.49,46.34,-1,-1,-1,-1,-1,-1,-1,-1,-1,-1,0,0,0,2,442871808,11.13,3536326656,86.60
1678477430991211,-1,,46.89,46.79,50.00,37.32,53.29,-1,-1,-1,-1,-1,-1,-1,-1,-1,-1,0,0,0,2,441516032,11.10,3537682432,86.63
1678477435991318,-1,,46.60,43.06,35.23,57.78,50.31,-1,-1,-1,-1,-1,-1,-1,-1,-1,-1,0,0,0,2,439443456,11.04,3539755008,86.68
1678477440991416,-1,,40.30,39.08,40.70,32.11,49.00,-1,-1,-1,-1,-1,-1,-1,-1,-1,-1,0,0,0,2,436469760,10.97,3542728704,86.76
1678477445991486,-1,,47.82,51.93,53.35,35.55,50.52,-1,-1,-1,-1,-1,-1,-1,-1,-1,-1,0,0,0,2,436994048,10.98,3542204416,86.74
1678477450991553,-1,,48.18,54.79,39.00,46.95,51.53,-1,-1,-1,-1,-1,-1,-1,-1,-1,-1,0,0,0,2,434847744,10.93,3544350720,86.80
1678477455991630,-1,,48.85,44.28,50.00,50.30,51.02,-1,-1,-1,-1,-1,-1,-1,-1,-1,-1,0,0,0,2,434651136,10.92,3544547328,86.80
1678477460991698,-1,,43.66,45.96,41.70,43.67,43.03,-1,-1,-1,-1,-1,-1,-1,-1,-1,-1,0,0,0,2,432132096,10.86,3547066368,86.86
1678477465991774,-1,,48.50,46.15,44.24,57.06,46.60,-1,-1,-1,-1,-1,-1,-1,-1,-1,-1,0,2,0,2,429219840,10.79,3549978624,86.93
1678477566526049,-1,Restarted! | ,8.80,5.59,13.48,3.12,12.84,-1,-1,-1,-1,-1,-1,-1,-1,-1,-1,0,0,0,2,410472448,10.32,3568726016,87.39
1678477571526243,-1,,58.68,59.76,60.16,52.89,61.99,-1,-1,-1,-1,-1,-1,-1,-1,-1,-1,0,0,0,2,404996096,10.18,3574202368,87.53
1678477576526320,-1,,55.73,52.69,54.96,54.58,60.40,-1,-1,-1,-1,-1,-1,-1,-1,-1,-1,0,0,0,2,404303872,10.16,3574894592,87.54
1678477581526390,-1,,52.44,50.52,47.98,57.55,53.80,-1,-1,-1,-1,-1,-1,-1,-1,-1,-1,0,0,0,2,401825792,10.10,3577372672,87.60
1678477586526462,-1,,47.61,44.44,33.06,59.48,52.95,-1,-1,-1,-1,-1,-1,-1,-1,-1,-1,0,0,0,2,398532608,10.02,3580665856,87.69
1678477591526537,-1,,43.94,52.13,34.59,39.01,49.60,-1,-1,-1,-1,-1,-1,-1,-1,-1,-1,0,0,0,2,401006592,10.08,3578191872,87.63
1678477596526608,-1,,47.22,47.13,62.20,32.10,47.02,-1,-1,-1,-1,-1,-1,-1,-1,-1,-1,0,0,0,2,396087296,9.96,3583111168,87.75
1678477601526677,-1,,48.43,38.70,55.85,41.96,57.06,-1,-1,-1,-1,-1,-1,-1,-1,-1,-1,0,0,0,2,395722752,9.95,3583475712,87.75
1678487705635483,-1,Restarted! | ,9.73,7.41,15.53,13.42,2.72,-1,-1,-1,-1,-1,-1,-1,-1,-1,-1,0,0,0,2,376053760,9.45,3603144704,88.24
1678487710635547,-1,,33.15,40.20,26.72,29.71,35.54,-1,-1,-1,-1,-1,-1,-1,-1,-1,-1,0,0,0,2,371732480,9.34,3607465984,88.34
1678487715635615,-1,,27.74,25.81,30.06,37.92,16.90,-1,-1,-1,-1,-1,-1,-1,-1,-1,-1,0,0,0,2,340389888,8.56,3638808576,89.11
1678487720635681,-1,,28.15,27.93,17.28,54.12,13.01,-1,-1,-1,-1,-1,-1,-1,-1,-1,-1,0,0,0,2,365420544,9.18,3613777920,88.50
1678487725635745,-1,,24.78,27.09,30.18,17.38,24.29,-1,-1,-1,-1,-1,-1,-1,-1,-1,-1,0,0,0,2,363483136,9.14,3615715328,88.54
1678487730635811,-1,,7.00,9.02,8.23,7.80,2.61,-1,-1,-1,-1,-1,-1,-1,-1,-1,-1,0,0,0,2,362737664,9.12,3616460800,88.56
1678487735635877,-1,,7.32,11.33,10.24,6.64,1.21,-1,-1,-1,-1,-1,-1,-1,-1,-1,-1,0,0,0,2,363249664,9.13,3615948800,88.55
1678487740635941,-1,,7.75,11.56,9.88,6.84,2.99,-1,-1,-1,-1,-1,-1,-1,-1,-1,-1,0,0,0,2,364687360,9.17,3614511104,88.51
1678487745636006,-1,,7.57,9.20,6.02,6.04,9.00,-1,-1,-1,-1,-1,-1,-1,-1,-1,-1,0,0,0,2,364457984,9.16,3614740480,88.52
1678487750636084,-1,,8.03,10.73,10.16,5.74,5.40,-1,-1,-1,-1,-1,-1,-1,-1,-1,-1,0,0,0,2,365125632,9.18,3614072832,88.50
1678487901707995,-1,Restarted! | ,8.09,14.76,11.84,5.58,0.39,-1,-1,-1,-1,-1,-1,-1,-1,-1,-1,0,0,0,2,366682112,9.22,3612516352,88.47
1678487906708096,-1,,33.20,39.44,33.67,30.17,29.39,-1,-1,-1,-1,-1,-1,-1,-1,-1,-1,0,0,0,2,360218624,9.05,3618979840,88.62
1678487911708165,-1,,22.73,29.62,23.08,14.81,22.92,-1,-1,-1,-1,-1,-1,-1,-1,-1,-1,0,0,0,2,358469632,9.01,3620728832,88.67
1678487916708231,-1,,17.06,20.65,17.91,15.46,14.54,-1,-1,-1,-1,-1,-1,-1,-1,-1,-1,0,0,0,2,358395904,9.01,3620802560,88.67
1678487921708297,-1,,26.78,30.80,28.80,21.58,25.71,-1,-1,-1,-1,-1,-1,-1,-1,-1,-1,0,0,0,2,359727104,9.04,3619471360,88.64
1678487926708379,-1,,8.98,11.63,7.03,12.42,5.22,-1,-1,-1,-1,-1,-1,-1,-1,-1,-1,0,0,0,2,359227392,9.03,3619971072,88.65
1678487931708444,-1,,4.95,4.94,0.80,8.65,5.39,-1,-1,-1,-1,-1,-1,-1,-1,-1,-1,0,0,0,2,357601280,8.99,3621597184,88.69
1678487936708509,-1,,7.13,11.56,6.21,4.82,5.82,-1,-1,-1,-1,-1,-1,-1,-1,-1,-1,0,0,0,2,358604800,9.01,3620593664,88.66
1678487989194325,-1,Restarted! | ,13.19,18.02,7.72,13.87,12.70,-1,-1,-1,-1,-1,-1,-1,-1,-1,-1,0,0,0,2,359436288,9.03,3619762176,88.64
1678487994194407,-1,,16.47,20.16,8.78,18.16,18.85,-1,-1,-1,-1,-1,-1,-1,-1,-1,-1,0,0,0,2,356683776,8.96,3622514688,88.71
1678487999194473,-1,,5.22,6.76,5.02,3.83,5.25,-1,-1,-1,-1,-1,-1,-1,-1,-1,-1,0,0,0,2,380289024,9.56,3598909440,88.13
1678488004194539,-1,,6.50,14.37,1.60,7.98,2.19,-1,-1,-1,-1,-1,-1,-1,-1,-1,-1,0,0,0,2,379772928,9.55,3599425536,88.15
1678488009194604,-1,,8.33,9.11,0.40,4.67,19.47,-1,-1,-1,-1,-1,-1,-1,-1,-1,-1,0,0,0,2,379801600,9.55,3599396864,88.14
1678488014194684,-1,,5.77,9.38,0.20,2.58,10.80,-1,-1,-1,-1,-1,-1,-1,-1,-1,-1,0,0,0,2,379801600,9.55,3599396864,88.14
1678488019194751,-1,,5.14,7.09,0.00,4.03,9.64,-1,-1,-1,-1,-1,-1,-1,-1,-1,-1,0,0,0,2,379801600,9.55,3599396864,88.14
1678488111679468,-1,Restarted! | ,6.97,7.77,7.98,7.83,4.10,-1,-1,-1,-1,-1,-1,-1,-1,-1,-1,0,0,0,2,358658048,9.01,3620540416,88.66
1678488116679657,-1,,31.36,37.09,32.87,28.27,26.99,-1,-1,-1,-1,-1,-1,-1,-1,-1,-1,0,0,0,2,353964032,8.90,3625234432,88.78
1678488121679725,-1,,23.79,33.20,15.63,27.36,19.26,-1,-1,-1,-1,-1,-1,-1,-1,-1,-1,0,0,0,2,354398208,8.91,3624800256,88.77
1678488126679792,-1,,21.84,26.40,18.16,16.77,25.96,-1,-1,-1,-1,-1,-1,-1,-1,-1,-1,0,0,0,2,352591872,8.86,3626606592,88.81
1678488131679861,-1,,29.19,36.36,29.09,23.94,27.36,-1,-1,-1,-1,-1,-1,-1,-1,-1,-1,0,0,0,2,352649216,8.86,3626549248,88.81
1678488136679927,-1,,7.46,8.42,12.85,2.61,5.59,-1,-1,-1,-1,-1,-1,-1,-1,-1,-1,0,0,0,2,351903744,8.84,3627294720,88.83
1678488141679992,-1,,8.92,8.52,10.08,7.86,9.42,-1,-1,-1,-1,-1,-1,-1,-1,-1,-1,0,0,0,2,352677888,8.86,3626520576,88.81
1678488146680056,-1,,7.98,10.45,8.87,5.00,7.27,-1,-1,-1,-1,-1,-1,-1,-1,-1,-1,0,0,0,2,353222656,8.88,3625975808,88.80
1678488151680127,-1,,6.72,6.15,5.13,1.00,14.60,-1,-1,-1,-1,-1,-1,-1,-1,-1,-1,0,0,0,2,352964608,8.87,3626233856,88.80
1687737708841308,-1,Restarted! | ,5.24,4.65,2.51,3.67,10.33,-1,-1,-1,-1,-1,-1,-1,-1,-1,-1,0,0,0,2,2621669376,65.89,1357008896,33.23
1687737713841393,-1,,3.18,8.16,1.21,2.82,0.61,-1,-1,-1,-1,-1,-1,-1,-1,-1,-1,0,0,0,2,2619662336,65.84,1359015936,33.28
1687737718841468,-1,,2.96,6.94,0.40,0.20,4.58,-1,-1,-1,-1,-1,-1,-1,-1,-1,-1,0,0,0,2,2619662336,65.84,1359015936,33.28
1687748012160094,-1,Restarted! | ,5.61,6.76,1.74,3.68,9.90,-1,-1,-1,-1,-1,-1,-1,-1,-1,-1,0,0,0,2,2583281664,64.93,1395396608,34.17
1687748017160113,-1,,2.79,7.63,2.02,0.20,1.61,-1,-1,-1,-1,-1,-1,-1,-1,-1,-1,0,0,0,2,2583080960,64.92,1395597312,34.18
1687748022160177,-1,,2.86,9.09,2.02,0.20,0.20,-1,-1,-1,-1,-1,-1,-1,-1,-1,-1,0,0,0,2,2583080960,64.92,1395597312,34.18
1687748027160268,-1,,3.64,9.58,2.00,1.60,1.20,-1,-1,-1,-1,-1,-1,-1,-1,-1,-1,0,0,0,2,2583080960,64.92,1395597312,34.18
1687748032160378,-1,,4.49,10.52,2.40,2.81,2.61,-1,-1,-1,-1,-1,-1,-1,-1,-1,-1,0,0,0,2,2582958080,64.92,1395720192,34.18
1687751364079799,-1,Restarted! | ,5.10,3.11,3.30,1.17,12.62,-1,-1,-1,-1,-1,-1,-1,-1,-1,-1,0,0,0,2,2579456000,64.83,1399222272,34.27
1687751369079864,-1,,3.48,8.13,0.20,0.81,4.81,-1,-1,-1,-1,-1,-1,-1,-1,-1,-1,0,0,0,2,2579619840,64.84,1399058432,34.26
1687751374079915,-1,,4.58,10.82,0.00,2.40,5.25,-1,-1,-1,-1,-1,-1,-1,-1,-1,-1,0,0,0,2,2579619840,64.84,1399058432,34.26
1687751379079980,-1,,3.23,7.94,2.00,2.80,0.20,-1,-1,-1,-1,-1,-1,-1,-1,-1,-1,0,0,0,2,2579619840,64.84,1399058432,34.26
1687751384080046,-1,,2.87,6.90,3.01,0.40,1.21,-1,-1,-1,-1,-1,-1,-1,-1,-1,-1,0,0,0,2,2579726336,64.84,1398951936,34.26
1687751389080127,-1,,5.53,12.58,2.21,2.19,5.41,-1,-1,-1,-1,-1,-1,-1,-1,-1,-1,0,0,0,2,2579496960,64.83,1399181312,34.26
1687751394080193,-1,,3.32,8.50,1.41,2.21,1.01,-1,-1,-1,-1,-1,-1,-1,-1,-1,-1,0,0,0,2,2579812352,64.84,1398865920,34.26
1687751502018777,-1,Restarted! | ,5.15,1.36,5.03,1.17,12.82,-1,-1,-1,-1,-1,-1,-1,-1,-1,-1,0,0,0,2,2580393984,64.86,1398284288,34.24
1687751507018840,-1,,3.62,11.02,3.00,0.60,0.20,-1,-1,-1,-1,-1,-1,-1,-1,-1,-1,0,0,0,2,2580365312,64.85,1398312960,34.24
1687751512018920,-1,,4.39,10.68,1.00,3.02,3.02,-1,-1,-1,-1,-1,-1,-1,-1,-1,-1,0,0,0,2,2580471808,64.86,1398206464,34.24
1687751517018985,-1,,2.98,7.36,0.00,4.02,0.40,-1,-1,-1,-1,-1,-1,-1,-1,-1,-1,0,0,0,2,2580365312,64.85,1398312960,34.24
1687751522019065,-1,,5.26,12.50,0.60,3.81,4.01,-1,-1,-1,-1,-1,-1,-1,-1,-1,-1,0,0,0,2,2580500480,64.86,1398177792,34.24
1687751527019175,-1,,3.12,8.47,2.42,0.60,1.21,-1,-1,-1,-1,-1,-1,-1,-1,-1,-1,0,0,0,2,2580193280,64.85,1398484992,34.25
