Timestamp [us],RTC Count,Notes,State To Process,Next State
1678380427394737,-1,Restarted! | ,CONFIG,START
1678380428394803,-1,,START,DEPLOY
1678380429394879,-1,,DEPLOY,DEPLOY
1678380430394960,-1,,DEPLOY,DEPLOY
1678380431395040,-1,,DEPLOY,DEPLOY
1678380432395123,-1,,DEPLOY,DEPLOY
1678380433395189,-1,,DEPLOY,DEPLOY
1678380434395255,-1,,DEPLOY,DEPLOY
1678380435395320,-1,,DEPLOY,DEPLOY
1678380436395387,-1,,DEPLOY,DEPLOY
1678380437395452,-1,,DEPLOY,DEPLOY
1678380438395518,-1,,DEPLOY,DEPLOY
1678380439395583,-1,,DEPLOY,DEPLOY
1678380440395649,-1,,DEPLOY,DEPLOY
1678380441395714,-1,,DEPLOY,DEPLOY
1678380442395866,-1,,DEPLOY,DEPLOY
1678380443395945,-1,,DEPLOY,DEPLOY
1678380444396025,-1,,DEPLOY,DEPLOY
1678380445396092,-1,,DEPLOY,DEPLOY
1678380446396170,-1,,DEPLOY,DEPLOY
1678380447396252,-1,,DEPLOY,DEPLOY
1678380448396318,-1,,DEPLOY,DEPLOY
1678380449396383,-1,,DEPLOY,DEPLOY
1678380450396449,-1,,DEPLOY,DEPLOY
1678380451396514,-1,,DEPLOY,DEPLOY
1678380452396584,-1,,DEPLOY,DEPLOY
1678380453396653,-1,,DEPLOY,DEPLOY
1678380454396717,-1,,DEPLOY,DEPLOY
1678380455396794,-1,,DEPLOY,DEPLOY
1678380456396859,-1,,DEPLOY,DEPLOY
1678380457396934,-1,,DEPLOY,DEPLOY
1678380458397015,-1,,DEPLOY,DEPLOY
1678380459397092,-1,,DEPLOY,DEPLOY
1678380460397149,-1,,DEPLOY,DEPLOY
1678380461397228,-1,,DEPLOY,DEPLOY
1678380462397315,-1,,DEPLOY,DEPLOY
1678380463397379,-1,,DEPLOY,DEPLOY
1678380464397443,-1,,DEPLOY,DEPLOY
1678380465397506,-1,,DEPLOY,DEPLOY
1678380466397581,-1,,DEPLOY,DEPLOY
1678380467397654,-1,,DEPLOY,DEPLOY
1678380468397721,-1,,DEPLOY,DEPLOY
1678380469397786,-1,,DEPLOY,DEPLOY
1678380470397850,-1,,DEPLOY,DEPLOY
1678380471397918,-1,,DEPLOY,DEPLOY
1678380472398011,-1,,DEPLOY,DEPLOY
1678380473398086,-1,,DEPLOY,DEPLOY
1678380474398153,-1,,DEPLOY,DEPLOY
1678380475398218,-1,,DEPLOY,DEPLOY
1678380476398282,-1,,DEPLOY,DEPLOY
1678380477398355,-1,,DEPLOY,DEPLOY
1678380478398427,-1,,DEPLOY,DEPLOY
1678380479398513,-1,,DEPLOY,DEPLOY
1678380480398597,-1,,DEPLOY,DEPLOY
1678380481398677,-1,,DEPLOY,DEPLOY
1678380482398763,-1,,DEPLOY,DEPLOY
1678380483398828,-1,,DEPLOY,DEPLOY
1678380484398894,-1,,DEPLOY,DEPLOY
1678380485398959,-1,,DEPLOY,DEPLOY
1678380486399024,-1,,DEPLOY,DEPLOY
1678380487399096,-1,,DEPLOY,DEPLOY
1678380488399163,-1,,DEPLOY,DEPLOY
1678380489399229,-1,,DEPLOY,DEPLOY
1678380490399294,-1,,DEPLOY,DEPLOY
1678380491399360,-1,,DEPLOY,DEPLOY
1678380492399471,-1,,DEPLOY,DEPLOY
1678380493399513,-1,,DEPLOY,DEPLOY
1678380494399578,-1,,DEPLOY,DEPLOY
1678380495399643,-1,,DEPLOY,DEPLOY
1678380496399708,-1,,DEPLOY,DEPLOY
1678380497399774,-1,,DEPLOY,DEPLOY
1678380498399854,-1,,DEPLOY,DEPLOY
1678380499399931,-1,,DEPLOY,DEPLOY
1678380500400009,-1,,DEPLOY,DEPLOY
1678380501400085,-1,,DEPLOY,DEPLOY
1678380502400184,-1,,DEPLOY,DEPLOY
1678380503400250,-1,,DEPLOY,DEPLOY
1678380504400315,-1,,DEPLOY,DEPLOY
1678380505400382,-1,,DEPLOY,DEPLOY
1678380506400448,-1,,DEPLOY,DEPLOY
1678380507400584,-1,,DEPLOY,DEPLOY
1678380508400652,-1,,DEPLOY,DEPLOY
1678380509400717,-1,,DEPLOY,DEPLOY
1678380510400785,-1,,DEPLOY,DEPLOY
1678380511400852,-1,,DEPLOY,DEPLOY
1678380512400924,-1,,DEPLOY,DEPLOY
1678380513401000,-1,,DEPLOY,DEPLOY
1678380514401079,-1,,DEPLOY,DEPLOY
1678380515401266,-1,,DEPLOY,DEPLOY
1678380516401375,-1,,DEPLOY,DEPLOY
1678380517401475,-1,,DEPLOY,DEPLOY
1678380518401542,-1,,DEPLOY,DEPLOY
1678380519401601,-1,,DEPLOY,DEPLOY
1678380520401667,-1,,DEPLOY,DEPLOY
1678380521401731,-1,,DEPLOY,DEPLOY
1678380522401801,-1,,DEPLOY,DEPLOY
1678380523401878,-1,,DEPLOY,DEPLOY
1678380524401955,-1,,DEPLOY,DEPLOY
1678380525402038,-1,,DEPLOY,DEPLOY
1678380526402124,-1,,DEPLOY,DEPLOY
1678380527402214,-1,,DEPLOY,DEPLOY
1678380528402281,-1,,DEPLOY,DEPLOY
1678380529402346,-1,,DEPLOY,DEPLOY
1678380530402411,-1,,DEPLOY,DEPLOY
1678380531402476,-1,,DEPLOY,DEPLOY
1678380532402543,-1,,DEPLOY,DEPLOY
1678380533402619,-1,,DEPLOY,DEPLOY
1678380534402704,-1,,DEPLOY,DEPLOY
1678380535402786,-1,,DEPLOY,DEPLOY
1678380536402866,-1,,DEPLOY,DEPLOY
1678380537403004,-1,,DEPLOY,DEPLOY
1678380538403070,-1,,DEPLOY,DEPLOY
1678380539403136,-1,,DEPLOY,DEPLOY
1678380540403202,-1,,DEPLOY,DEPLOY
1678380541403269,-1,,DEPLOY,DEPLOY
1678380542403336,-1,,DEPLOY,DEPLOY
1678380543403407,-1,,DEPLOY,DEPLOY
1678380544403472,-1,,DEPLOY,DEPLOY
1678380545403537,-1,,DEPLOY,DEPLOY
1678380546403603,-1,,DEPLOY,DEPLOY
1678380547403671,-1,,DEPLOY,DEPLOY
1678380548403751,-1,,DEPLOY,DEPLOY
1678380549403835,-1,,DEPLOY,DEPLOY
1678380550403916,-1,,DEPLOY,DEPLOY
1678380551403995,-1,,DEPLOY,DEPLOY
1678380552404077,-1,,DEPLOY,DEPLOY
1678380553404142,-1,,DEPLOY,DEPLOY
1678380554404208,-1,,DEPLOY,DEPLOY
1678380555404274,-1,,DEPLOY,DEPLOY
1678380556404338,-1,,DEPLOY,DEPLOY
1678380557404419,-1,,DEPLOY,DEPLOY
1678380558404488,-1,,DEPLOY,DEPLOY
1678380559404554,-1,,DEPLOY,DEPLOY
1678380560404618,-1,,DEPLOY,DEPLOY
1678380561404684,-1,,DEPLOY,DEPLOY
1678380562404755,-1,,DEPLOY,DEPLOY
1678380563404820,-1,,DEPLOY,DEPLOY
1678380564404886,-1,,DEPLOY,DEPLOY
1678380565404952,-1,,DEPLOY,DEPLOY
1678380566405062,-1,,DEPLOY,DEPLOY
1678380567405142,-1,,DEPLOY,DEPLOY
1678380568405220,-1,,DEPLOY,DEPLOY
1678380569405287,-1,,DEPLOY,DEPLOY
1678380570405354,-1,,DEPLOY,DEPLOY
1678380571405420,-1,,DEPLOY,DEPLOY
1678380572405495,-1,,DEPLOY,DEPLOY
1678380573405570,-1,,DEPLOY,DEPLOY
1678380574405684,-1,,DEPLOY,DEPLOY
1678380575405762,-1,,DEPLOY,DEPLOY
1678380576405840,-1,,DEPLOY,DEPLOY
1678380577406013,-1,,DEPLOY,DEPLOY
1678380578406078,-1,,DEPLOY,DEPLOY
1678380579406144,-1,,DEPLOY,DEPLOY
1678380580406210,-1,,DEPLOY,DEPLOY
1678380581406276,-1,,DEPLOY,DEPLOY
1678380582406348,-1,,DEPLOY,DEPLOY
1678380666083418,-1,Restarted! | ,CONFIG,START
1678380667083482,-1,,START,DEPLOY
1678380668083547,-1,,DEPLOY,DEPLOY
1678380669083612,-1,,DEPLOY,DEPLOY
1678380670083678,-1,,DEPLOY,DEPLOY
1678380671083759,-1,,DEPLOY,DEPLOY
1678380672083826,-1,,DEPLOY,DEPLOY
1678380673088588,-1,,DEPLOY,DEPLOY
1678380674088653,-1,,DEPLOY,DEPLOY
1678380675088718,-1,,DEPLOY,DEPLOY
1678380676088798,-1,,DEPLOY,DEPLOY
1678380677088869,-1,,DEPLOY,DEPLOY
1678380678088935,-1,,DEPLOY,DEPLOY
1678380679089000,-1,,DEPLOY,DEPLOY
1678380680089066,-1,,DEPLOY,DEPLOY
1678380681089134,-1,,DEPLOY,DEPLOY
1678380682089200,-1,,DEPLOY,DEPLOY
1678380683089264,-1,,DEPLOY,DEPLOY
1678380684089329,-1,,DEPLOY,DEPLOY
1678380685089395,-1,,DEPLOY,DEPLOY
1678380686089466,-1,,DEPLOY,DEPLOY
1678380687089546,-1,,DEPLOY,DEPLOY
1678380688089595,-1,,DEPLOY,DEPLOY
1678380689089678,-1,,DEPLOY,DEPLOY
1678380690089762,-1,,DEPLOY,DEPLOY
1678380691089905,-1,,DEPLOY,DEPLOY
1678380692089972,-1,,DEPLOY,DEPLOY
1678380693090037,-1,,DEPLOY,DEPLOY
1678380694090103,-1,,DEPLOY,DEPLOY
1678380695090168,-1,,DEPLOY,DEPLOY
1678380696090242,-1,,DEPLOY,DEPLOY
1678380697090307,-1,,DEPLOY,DEPLOY
1678380698090373,-1,,DEPLOY,DEPLOY
1678380699090438,-1,,DEPLOY,DEPLOY
1678380700090502,-1,,DEPLOY,DEPLOY
1678380701090570,-1,,DEPLOY,DEPLOY
1678380702090652,-1,,DEPLOY,DEPLOY
1678380703090735,-1,,DEPLOY,DEPLOY
1678380704090818,-1,,DEPLOY,DEPLOY
1678380705090901,-1,,DEPLOY,DEPLOY
1678380706090990,-1,,DEPLOY,DEPLOY
1678380707091056,-1,,DEPLOY,DEPLOY
1678380708091121,-1,,DEPLOY,DEPLOY
1678380709091172,-1,,DEPLOY,DEPLOY
1678380710091239,-1,,DEPLOY,DEPLOY
1678380711091307,-1,,DEPLOY,DEPLOY
1678380712091389,-1,,DEPLOY,DEPLOY
1678380713091472,-1,,DEPLOY,DEPLOY
1678380714091556,-1,,DEPLOY,DEPLOY
1678380715091640,-1,,DEPLOY,DEPLOY
1678380716091736,-1,,DEPLOY,DEPLOY
1678380717091804,-1,,DEPLOY,DEPLOY
1678380718091870,-1,,DEPLOY,DEPLOY
1678380719091944,-1,,DEPLOY,DEPLOY
1678380720092024,-1,,DEPLOY,DEPLOY
1678380721092141,-1,,DEPLOY,DEPLOY
1678380722092207,-1,,DEPLOY,DEPLOY
1678380723092271,-1,,DEPLOY,DEPLOY
1678380724092338,-1,,DEPLOY,DEPLOY
1678380725092405,-1,,DEPLOY,DEPLOY
1678380726092479,-1,,DEPLOY,DEPLOY
1678380727092555,-1,,DEPLOY,DEPLOY
1678380728092636,-1,,DEPLOY,DEPLOY
1678380729092724,-1,,DEPLOY,DEPLOY
1678380730092793,-1,,DEPLOY,DEPLOY
1678380731092866,-1,,DEPLOY,DEPLOY
1678380732092931,-1,,DEPLOY,DEPLOY
1678380733092997,-1,,DEPLOY,DEPLOY
1678380734093062,-1,,DEPLOY,DEPLOY
1678380735093143,-1,,DEPLOY,DEPLOY
1678380736093232,-1,,DEPLOY,DEPLOY
1678380737093298,-1,,DEPLOY,DEPLOY
1678380738093364,-1,,DEPLOY,DEPLOY
1678380739093429,-1,,DEPLOY,DEPLOY
1678380740093494,-1,,DEPLOY,DEPLOY
1678380741093619,-1,,DEPLOY,DEPLOY
1678380742093698,-1,,DEPLOY,DEPLOY
1678380743093781,-1,,DEPLOY,DEPLOY
1678380744093847,-1,,DEPLOY,DEPLOY
1678380745093912,-1,,DEPLOY,DEPLOY
1678380746093979,-1,,DEPLOY,DEPLOY
1678380747094045,-1,,DEPLOY,DEPLOY
1678380748094111,-1,,DEPLOY,DEPLOY
1678380749094189,-1,,DEPLOY,DEPLOY
1678380750094233,-1,,DEPLOY,DEPLOY
1678380751094315,-1,,DEPLOY,DEPLOY
1678380752094382,-1,,DEPLOY,DEPLOY
1678380753094448,-1,,DEPLOY,DEPLOY
1678380754094529,-1,,DEPLOY,DEPLOY
1678380755094594,-1,,DEPLOY,DEPLOY
1678380756094667,-1,,DEPLOY,DEPLOY
1678380757094744,-1,,DEPLOY,DEPLOY
1678380758094835,-1,,DEPLOY,DEPLOY
1678380759095054,-1,,DEPLOY,DEPLOY
1678380760095131,-1,,DEPLOY,DEPLOY
1678380761095307,-1,,DEPLOY,DEPLOY
1678380762095372,-1,,DEPLOY,DEPLOY
1678380763095438,-1,,DEPLOY,DEPLOY
1678380764095503,-1,,DEPLOY,DEPLOY
1678380765095568,-1,,DEPLOY,DEPLOY
1678380766095661,-1,,DEPLOY,DEPLOY
1678380767095727,-1,,DEPLOY,DEPLOY
1678380768095792,-1,,DEPLOY,DEPLOY
1678380769095858,-1,,DEPLOY,DEPLOY
1678380770095922,-1,,DEPLOY,DEPLOY
1678380771095994,-1,,DEPLOY,DEPLOY
1678380772096061,-1,,DEPLOY,DEPLOY
1678380773096127,-1,,DEPLOY,DEPLOY
1678380774096192,-1,,DEPLOY,DEPLOY
1678380775096302,-1,,DEPLOY,DEPLOY
1678380776096372,-1,,DEPLOY,DEPLOY
1678380777096438,-1,,DEPLOY,DEPLOY
1678380778096505,-1,,DEPLOY,DEPLOY
1678380779096572,-1,,DEPLOY,DEPLOY
1678398258798502,-1,Restarted! | ,CONFIG,START
1678398259798568,-1,,START,DEPLOY
1678398260798634,-1,,DEPLOY,DEPLOY
1678398261798700,-1,,DEPLOY,DEPLOY
1678398262798766,-1,,DEPLOY,DEPLOY
1678398263798843,-1,,DEPLOY,DEPLOY
1678398264799020,-1,,DEPLOY,DEPLOY
1678398265799085,-1,,DEPLOY,DEPLOY
1678398266799151,-1,,DEPLOY,DEPLOY
1678398267799216,-1,,DEPLOY,DEPLOY
1678398268799311,-1,,DEPLOY,DEPLOY
1678398269799393,-1,,DEPLOY,DEPLOY
1678398270799460,-1,,DEPLOY,DEPLOY
1678398271799525,-1,,DEPLOY,DEPLOY
1678398272799592,-1,,DEPLOY,DEPLOY
1678398273799656,-1,,DEPLOY,DEPLOY
1678398274799721,-1,,DEPLOY,DEPLOY
1678398275799795,-1,,DEPLOY,DEPLOY
1678398276799881,-1,,DEPLOY,DEPLOY
1678398277799964,-1,,DEPLOY,DEPLOY
1678398278800042,-1,,DEPLOY,DEPLOY
1678398279800109,-1,,DEPLOY,DEPLOY
1678398352239919,-1,Restarted! | ,CONFIG,START
1678398353240005,-1,,START,DEPLOY
1678398354240092,-1,,DEPLOY,DEPLOY
1678398355240513,-1,,DEPLOY,DEPLOY
1678398356240582,-1,,DEPLOY,DEPLOY
1678398357240652,-1,,DEPLOY,DEPLOY
1678398358240727,-1,,DEPLOY,DEPLOY
1678398359240795,-1,,DEPLOY,DEPLOY
1678398360240871,-1,,DEPLOY,DEPLOY
1678398361240963,-1,,DEPLOY,DEPLOY
1678398362241099,-1,,DEPLOY,DEPLOY
1678398363241389,-1,,DEPLOY,DEPLOY
1678398364241422,-1,,DEPLOY,DEPLOY
1678398365241584,-1,,DEPLOY,DEPLOY
1678398366241718,-1,,DEPLOY,DEPLOY
1678398367242200,-1,,DEPLOY,DEPLOY
1678398368242261,-1,,DEPLOY,DEPLOY
1678398369242328,-1,,DEPLOY,DEPLOY
1678398370242401,-1,,DEPLOY,DEPLOY
1678398371242479,-1,,DEPLOY,DEPLOY
1678398453976473,-1,Restarted! | ,CONFIG,START
1678398454976546,-1,,START,DEPLOY
1678398455976640,-1,,DEPLOY,DEPLOY
1678398456976712,-1,,DEPLOY,DEPLOY
1678398457976808,-1,,DEPLOY,DEPLOY
1678398458976874,-1,,DEPLOY,DEPLOY
1678398459976976,-1,,DEPLOY,DEPLOY
1678398460977082,-1,,DEPLOY,DEPLOY
1678398461977156,-1,,DEPLOY,DEPLOY
1678398462977229,-1,,DEPLOY,DEPLOY
1678398463977306,-1,,DEPLOY,DEPLOY
1678398464977382,-1,,DEPLOY,DEPLOY
1678398465977484,-1,,DEPLOY,DEPLOY
1678398466977612,-1,,DEPLOY,DEPLOY
1678398467977718,-1,,DEPLOY,DEPLOY
1678398468977891,-1,,DEPLOY,DEPLOY
1678398469977962,-1,,DEPLOY,DEPLOY
1678398470978115,-1,,DEPLOY,DEPLOY
1678398471978185,-1,,DEPLOY,DEPLOY
1678398472978263,-1,,DEPLOY,DEPLOY
1678398522458278,-1,Restarted! | ,CONFIG,START
1678398523458354,-1,,START,DEPLOY
1678398524458436,-1,,DEPLOY,DEPLOY
1678398525458511,-1,,DEPLOY,DEPLOY
1678398526458579,-1,,DEPLOY,DEPLOY
1678398527458649,-1,,DEPLOY,DEPLOY
1678398528458716,-1,,DEPLOY,DEPLOY
1678398529458788,-1,,DEPLOY,DEPLOY
1678398530458855,-1,,DEPLOY,DEPLOY
1678398531458938,-1,,DEPLOY,DEPLOY
1678398532459008,-1,,DEPLOY,DEPLOY
1678398533459078,-1,,DEPLOY,DEPLOY
1678398534459145,-1,,DEPLOY,DEPLOY
1678398535459998,-1,,DEPLOY,DEPLOY
1678398536460075,-1,,DEPLOY,DEPLOY
1678398537460163,-1,,DEPLOY,DEPLOY
1678398538460236,-1,,DEPLOY,DEPLOY
1678398539460311,-1,,DEPLOY,DEPLOY
1678398540460393,-1,,DEPLOY,DEPLOY
1678398541460481,-1,,DEPLOY,DEPLOY
1678398564286185,-1,Restarted! | ,CONFIG,START
1678398565286256,-1,,START,DEPLOY
1678398566286352,-1,,DEPLOY,DEPLOY
1678398567286424,-1,,DEPLOY,DEPLOY
1678398568286508,-1,,DEPLOY,DEPLOY
1678398569286587,-1,,DEPLOY,DEPLOY
1678398570286730,-1,,DEPLOY,DEPLOY
1678398571286794,-1,,DEPLOY,DEPLOY
1678398572286866,-1,,DEPLOY,DEPLOY
1678398573286932,-1,,DEPLOY,DEPLOY
1678398574286962,-1,,DEPLOY,DEPLOY
1678398575287028,-1,,DEPLOY,DEPLOY
1678398576287093,-1,,DEPLOY,DEPLOY
1678398577287159,-1,,DEPLOY,DEPLOY
1678398578287239,-1,,DEPLOY,DEPLOY
1678398579287714,-1,,DEPLOY,DEPLOY
1678398580287785,-1,,DEPLOY,DEPLOY
1678398581287860,-1,,DEPLOY,DEPLOY
1678398582287934,-1,,DEPLOY,DEPLOY
1678398583288017,-1,,DEPLOY,DEPLOY
1678398632666243,-1,Restarted! | ,CONFIG,START
1678398633666309,-1,,START,DEPLOY
1678398634666677,-1,,DEPLOY,DEPLOY
1678398635666750,-1,,DEPLOY,DEPLOY
1678398636666816,-1,,DEPLOY,DEPLOY
1678398637667049,-1,,DEPLOY,DEPLOY
1678398638667119,-1,,DEPLOY,DEPLOY
1678398639667188,-1,,DEPLOY,DEPLOY
1678398640667256,-1,,DEPLOY,DEPLOY
1678398641667327,-1,,DEPLOY,DEPLOY
1678398642667424,-1,,DEPLOY,DEPLOY
1678398643667509,-1,,DEPLOY,DEPLOY
1678398644667578,-1,,DEPLOY,DEPLOY
1678398645667645,-1,,DEPLOY,DEPLOY
1678398646667709,-1,,DEPLOY,DEPLOY
1678398647667784,-1,,DEPLOY,DEPLOY
1678398648667863,-1,,DEPLOY,DEPLOY
1678398649668664,-1,,DEPLOY,DEPLOY
1678398650668738,-1,,DEPLOY,DEPLOY
1678398651668806,-1,,DEPLOY,DEPLOY
1678398696084516,-1,Restarted! | ,CONFIG,START
1678398697084582,-1,,START,DEPLOY
1678398704094107,-1,Restarted! | ,CONFIG,START
1678398705094194,-1,,START,DEPLOY
1678398706094269,-1,,DEPLOY,DEPLOY
1678398707094395,-1,,DEPLOY,DEPLOY
1678398708094483,-1,,DEPLOY,DEPLOY
1678398709094555,-1,,DEPLOY,DEPLOY
1678398710094667,-1,,DEPLOY,DEPLOY
1678398711094759,-1,,DEPLOY,DEPLOY
1678398712094828,-1,,DEPLOY,DEPLOY
1678398713094899,-1,,DEPLOY,DEPLOY
1678398714094972,-1,,DEPLOY,DEPLOY
1678398715095064,-1,,DEPLOY,DEPLOY
1678398716095146,-1,,DEPLOY,DEPLOY
1678398717095213,-1,,DEPLOY,DEPLOY
1678398718095288,-1,,DEPLOY,DEPLOY
1678398719095358,-1,,DEPLOY,DEPLOY
1678398720095429,-1,,DEPLOY,DEPLOY
1678398721095541,-1,,DEPLOY,DEPLOY
1678398722095607,-1,,DEPLOY,DEPLOY
1678398723095675,-1,,DEPLOY,DEPLOY
1678398724095750,-1,,DEPLOY,DEPLOY
1678398725095819,-1,,DEPLOY,DEPLOY
1678398726095884,-1,,DEPLOY,DEPLOY
1678398727095950,-1,,DEPLOY,DEPLOY
1678398728096019,-1,,DEPLOY,DEPLOY
1678398729096085,-1,,DEPLOY,DEPLOY
1678398730096134,-1,,DEPLOY,DEPLOY
1678398731096199,-1,,DEPLOY,DEPLOY
1678398732096266,-1,,DEPLOY,DEPLOY
1678398733096332,-1,,DEPLOY,DEPLOY
1678398734096474,-1,,DEPLOY,DEPLOY
1678398735096539,-1,,DEPLOY,DEPLOY
1678398736096634,-1,,DEPLOY,DEPLOY
1678398737096701,-1,,DEPLOY,DEPLOY
1678398738096774,-1,,DEPLOY,DEPLOY
1678398739096847,-1,,DEPLOY,DEPLOY
1678398740096975,-1,,DEPLOY,DEPLOY
1678398741097046,-1,,DEPLOY,DEPLOY
1678398742097119,-1,,DEPLOY,DEPLOY
1678398743097191,-1,,DEPLOY,DEPLOY
1678398744097418,-1,,DEPLOY,DEPLOY
1678398745097494,-1,,DEPLOY,DEPLOY
1678398746097637,-1,,DEPLOY,DEPLOY
1678398747097853,-1,,DEPLOY,DEPLOY
1678398748097926,-1,,DEPLOY,DEPLOY
1678398749098014,-1,,DEPLOY,DEPLOY
1678398750098084,-1,,DEPLOY,DEPLOY
1678398751098158,-1,,DEPLOY,DEPLOY
1678398752098225,-1,,DEPLOY,DEPLOY
1678398753098302,-1,,DEPLOY,DEPLOY
1678398754098382,-1,,DEPLOY,DEPLOY
1678398755098462,-1,,DEPLOY,DEPLOY
1678398756098534,-1,,DEPLOY,DEPLOY
1678398757098616,-1,,DEPLOY,DEPLOY
1678398758102918,-1,,DEPLOY,DEPLOY
1678398759103003,-1,,DEPLOY,DEPLOY
1678398760103075,-1,,DEPLOY,DEPLOY
1678398761103147,-1,,DEPLOY,DEPLOY
1678398762103216,-1,,DEPLOY,DEPLOY
1678398763103429,-1,,DEPLOY,DEPLOY
1678398764103522,-1,,DEPLOY,DEPLOY
1678398765103592,-1,,DEPLOY,DEPLOY
1678398766103671,-1,,DEPLOY,DEPLOY
1678398767103748,-1,,DEPLOY,DEPLOY
1678398768103999,-1,,DEPLOY,DEPLOY
1678398769104109,-1,,DEPLOY,DEPLOY
1678398770104193,-1,,DEPLOY,DEPLOY
1678398771104349,-1,,DEPLOY,DEPLOY
1678398772104445,-1,,DEPLOY,DEPLOY
1678398773104525,-1,,DEPLOY,DEPLOY
1678398774104637,-1,,DEPLOY,DEPLOY
1678398775104768,-1,,DEPLOY,DEPLOY
1678398776104865,-1,,DEPLOY,DEPLOY
1678398777105027,-1,,DEPLOY,DEPLOY
1678398778105100,-1,,DEPLOY,DEPLOY
1678398779105805,-1,,DEPLOY,DEPLOY
1678398780105884,-1,,DEPLOY,DEPLOY
1678398781105954,-1,,DEPLOY,DEPLOY
1678398782106021,-1,,DEPLOY,DEPLOY
1678398783106091,-1,,DEPLOY,DEPLOY
1678398784106176,-1,,DEPLOY,DEPLOY
1678398785106384,-1,,DEPLOY,DEPLOY
1678398786106452,-1,,DEPLOY,DEPLOY
1678398787106524,-1,,DEPLOY,DEPLOY
1678398788106575,-1,,DEPLOY,DEPLOY
1678398789107188,-1,,DEPLOY,DEPLOY
1678398790107343,-1,,DEPLOY,DEPLOY
1678398791107421,-1,,DEPLOY,DEPLOY
1678398792107469,-1,,DEPLOY,DEPLOY
1678398793107545,-1,,DEPLOY,DEPLOY
1678398794107634,-1,,DEPLOY,DEPLOY
1678398795107701,-1,,DEPLOY,DEPLOY
1678398796108352,-1,,DEPLOY,DEPLOY
1678398797108427,-1,,DEPLOY,DEPLOY
1678398798108504,-1,,DEPLOY,DEPLOY
1678398799108587,-1,,DEPLOY,DEPLOY
1678398800108663,-1,,DEPLOY,DEPLOY
1678398801108733,-1,,DEPLOY,DEPLOY
1678398802108809,-1,,DEPLOY,DEPLOY
1678398803108858,-1,,DEPLOY,DEPLOY
1678398804108956,-1,,DEPLOY,DEPLOY
1678398805109049,-1,,DEPLOY,DEPLOY
1678398806109122,-1,,DEPLOY,DEPLOY
1678398807109196,-1,,DEPLOY,DEPLOY
1678398808109333,-1,,DEPLOY,DEPLOY
1678398809109432,-1,,DEPLOY,DEPLOY
1678398810109501,-1,,DEPLOY,DEPLOY
1678399281395296,-1,Restarted! | ,CONFIG,START
1678399282395378,-1,,START,DEPLOY
1678399283395440,-1,,DEPLOY,DEPLOY
1678399284395509,-1,,DEPLOY,DEPLOY
1678399285396051,-1,,DEPLOY,DEPLOY
1678399286396124,-1,,DEPLOY,DEPLOY
1678399287396206,-1,,DEPLOY,DEPLOY
1678399288396278,-1,,DEPLOY,DEPLOY
1678399289396349,-1,,DEPLOY,DEPLOY
1678399290396415,-1,,DEPLOY,DEPLOY
1678399291396594,-1,,DEPLOY,DEPLOY
1678399292396688,-1,,DEPLOY,DEPLOY
1678399293396755,-1,,DEPLOY,DEPLOY
1678399294396822,-1,,DEPLOY,DEPLOY
1678399295396890,-1,,DEPLOY,DEPLOY
1678399296396969,-1,,DEPLOY,DEPLOY
1678399297397048,-1,,DEPLOY,DEPLOY
1678399298397120,-1,,DEPLOY,DEPLOY
1678399299397196,-1,,DEPLOY,DEPLOY
1678399300397293,-1,,DEPLOY,DEPLOY
1678399301397360,-1,,DEPLOY,DEPLOY
1678399302397428,-1,,DEPLOY,DEPLOY
1678399303397496,-1,,DEPLOY,DEPLOY
1678399304397576,-1,,DEPLOY,DEPLOY
1678399305397639,-1,,DEPLOY,DEPLOY
1678399306397705,-1,,DEPLOY,DEPLOY
1678399307397771,-1,,DEPLOY,DEPLOY
1678399308397825,-1,,DEPLOY,DEPLOY
1678399309397890,-1,,DEPLOY,DEPLOY
1678399310397956,-1,,DEPLOY,DEPLOY
1678399311398026,-1,,DEPLOY,DEPLOY
1678399312398143,-1,,DEPLOY,DEPLOY
1678399313398210,-1,,DEPLOY,DEPLOY
1678399314398283,-1,,DEPLOY,DEPLOY
1678399315398367,-1,,DEPLOY,DEPLOY
1678399316398483,-1,,DEPLOY,DEPLOY
1678399317398585,-1,,DEPLOY,DEPLOY
1678399318398664,-1,,DEPLOY,DEPLOY
1678399319398735,-1,,DEPLOY,DEPLOY
1678399320399051,-1,,DEPLOY,DEPLOY
1678399321399157,-1,,DEPLOY,DEPLOY
1678399322399237,-1,,DEPLOY,DEPLOY
1678399323399305,-1,,DEPLOY,DEPLOY
1678399852587250,-1,Restarted! | ,CONFIG,START
1678399853587375,-1,,START,DEPLOY
1678399854587476,-1,,DEPLOY,DEPLOY
1678399855587562,-1,,DEPLOY,DEPLOY
1678399856587643,-1,,DEPLOY,DEPLOY
1678399857587735,-1,,DEPLOY,DEPLOY
1678399858587836,-1,,DEPLOY,DEPLOY
1678399859587908,-1,,DEPLOY,DEPLOY
1678399860587979,-1,,DEPLOY,DEPLOY
1678399861588046,-1,,DEPLOY,DEPLOY
1678399862588118,-1,,DEPLOY,DEPLOY
1678399863588185,-1,,DEPLOY,DEPLOY
1678399864588252,-1,,DEPLOY,DEPLOY
1678399865588326,-1,,DEPLOY,DEPLOY
1678399866588391,-1,,DEPLOY,DEPLOY
1678399867588460,-1,,DEPLOY,DEPLOY
1678399868588567,-1,,DEPLOY,DEPLOY
1678399869588641,-1,,DEPLOY,DEPLOY
1678399870588726,-1,,DEPLOY,DEPLOY
1678399871588798,-1,,DEPLOY,DEPLOY
1678399872588875,-1,,DEPLOY,DEPLOY
1678399873588956,-1,,DEPLOY,DEPLOY
1678399874589075,-1,,DEPLOY,DEPLOY
1678399875589138,-1,,DEPLOY,DEPLOY
1678399876589203,-1,,DEPLOY,DEPLOY
1678399877589274,-1,,DEPLOY,DEPLOY
1678399878589314,-1,,DEPLOY,DEPLOY
1678399879589381,-1,,DEPLOY,DEPLOY
1678399880589447,-1,,DEPLOY,DEPLOY
1678399881589512,-1,,DEPLOY,DEPLOY
1678399882589641,-1,,DEPLOY,DEPLOY
1678399883589709,-1,,DEPLOY,DEPLOY
1678399884589781,-1,,DEPLOY,DEPLOY
1678399885589850,-1,,DEPLOY,DEPLOY
1678399886589927,-1,,DEPLOY,DEPLOY
1678399887590003,-1,,DEPLOY,DEPLOY
1678399888590047,-1,,DEPLOY,DEPLOY
1678399889590190,-1,,DEPLOY,DEPLOY
1678399890590288,-1,,DEPLOY,DEPLOY
1678399891590364,-1,,DEPLOY,DEPLOY
1678399892590458,-1,,DEPLOY,DEPLOY
1678399893590527,-1,,DEPLOY,DEPLOY
1678399894590597,-1,,DEPLOY,DEPLOY
1678399895590749,-1,,DEPLOY,DEPLOY
1678399896590819,-1,,DEPLOY,DEPLOY
1678399897590908,-1,,DEPLOY,DEPLOY
1678399898590977,-1,,DEPLOY,DEPLOY
1678399899591078,-1,,DEPLOY,DEPLOY
1678399900591165,-1,,DEPLOY,DEPLOY
1678399901591282,-1,,DEPLOY,DEPLOY
1678399902591368,-1,,DEPLOY,DEPLOY
1678399903591441,-1,,DEPLOY,DEPLOY
1678399904591519,-1,,DEPLOY,DEPLOY
1678399905591593,-1,,DEPLOY,DEPLOY
1678399906591667,-1,,DEPLOY,DEPLOY
1678399907591745,-1,,DEPLOY,DEPLOY
1678399908593633,-1,,DEPLOY,DEPLOY
1678399909593704,-1,,DEPLOY,DEPLOY
1678399910593775,-1,,DEPLOY,DEPLOY
1678399911593849,-1,,DEPLOY,DEPLOY
1678399912593924,-1,,DEPLOY,DEPLOY
1678399913594000,-1,,DEPLOY,DEPLOY
1678399914594069,-1,,DEPLOY,DEPLOY
1678399915594139,-1,,DEPLOY,DEPLOY
1678399916594213,-1,,DEPLOY,DEPLOY
1678399917594308,-1,,DEPLOY,DEPLOY
1678399918594381,-1,,DEPLOY,DEPLOY
1678399919594472,-1,,DEPLOY,DEPLOY
1678399920594548,-1,,DEPLOY,DEPLOY
1678399921594618,-1,,DEPLOY,DEPLOY
1678399922594697,-1,,DEPLOY,DEPLOY
1678399923594774,-1,,DEPLOY,DEPLOY
1678399924594850,-1,,DEPLOY,DEPLOY
1678399925594924,-1,,DEPLOY,DEPLOY
1678399926595018,-1,,DEPLOY,DEPLOY
1678400403929101,-1,Restarted! | ,CONFIG,START
1678400404929183,-1,,START,DEPLOY
1678400405929505,-1,,DEPLOY,DEPLOY
1678400406929587,-1,,DEPLOY,DEPLOY
1678400407929653,-1,,DEPLOY,DEPLOY
1678400408929718,-1,,DEPLOY,DEPLOY
1678400409929791,-1,,DEPLOY,DEPLOY
1678400410929864,-1,,DEPLOY,DEPLOY
1678400411929936,-1,,DEPLOY,DEPLOY
1678400412930005,-1,,DEPLOY,DEPLOY
1678400413930073,-1,,DEPLOY,DEPLOY
1678400414930170,-1,,DEPLOY,DEPLOY
1678400415930238,-1,,DEPLOY,DEPLOY
1678400416930302,-1,,DEPLOY,DEPLOY
1678400417930400,-1,,DEPLOY,DEPLOY
1678400418930477,-1,,DEPLOY,DEPLOY
1678400419930564,-1,,DEPLOY,DEPLOY
1678400420930633,-1,,DEPLOY,DEPLOY
1678400421930702,-1,,DEPLOY,DEPLOY
1678400422930743,-1,,DEPLOY,DEPLOY
1678400423930829,-1,,DEPLOY,DEPLOY
1678400424930904,-1,,DEPLOY,DEPLOY
1678400425930970,-1,,DEPLOY,DEPLOY
1678400426931036,-1,,DEPLOY,DEPLOY
1678400427931104,-1,,DEPLOY,DEPLOY
1678400428931180,-1,,DEPLOY,DEPLOY
1678400429931245,-1,,DEPLOY,DEPLOY
1678400430931311,-1,,DEPLOY,DEPLOY
1678400431931377,-1,,DEPLOY,DEPLOY
1678400432931434,-1,,DEPLOY,DEPLOY
1678400433931534,-1,,DEPLOY,DEPLOY
1678400434931599,-1,,DEPLOY,DEPLOY
1678400435931680,-1,,DEPLOY,DEPLOY
1678400436931753,-1,,DEPLOY,DEPLOY
1678400437931818,-1,,DEPLOY,DEPLOY
1678400438931899,-1,,DEPLOY,DEPLOY
1678400439932037,-1,,DEPLOY,DEPLOY
1678400440932105,-1,,DEPLOY,DEPLOY
1678400441932204,-1,,DEPLOY,DEPLOY
1678400442932272,-1,,DEPLOY,DEPLOY
1678400443932339,-1,,DEPLOY,DEPLOY
1678400444932360,-1,,DEPLOY,DEPLOY
1678400445932426,-1,,DEPLOY,DEPLOY
1678400446932492,-1,,DEPLOY,DEPLOY
1678400447932584,-1,,DEPLOY,DEPLOY
1678400448932656,-1,,DEPLOY,DEPLOY
1678414681638525,-1,Restarted! | ,CONFIG,START
1678414682638591,-1,,START,DEPLOY
1678414683638674,-1,,DEPLOY,DEPLOY
1678414684638755,-1,,DEPLOY,DEPLOY
1678414685638834,-1,,DEPLOY,DEPLOY
1678414686638917,-1,,DEPLOY,DEPLOY
1678414687638967,-1,,DEPLOY,DEPLOY
1678414688639034,-1,,DEPLOY,DEPLOY
1678414689639100,-1,,DEPLOY,DEPLOY
1678414690639166,-1,,DEPLOY,DEPLOY
1678414691639237,-1,,DEPLOY,DEPLOY
1678414692639316,-1,,DEPLOY,DEPLOY
1678414693639400,-1,,DEPLOY,DEPLOY
1678414694639484,-1,,DEPLOY,DEPLOY
1678414695639567,-1,,DEPLOY,DEPLOY
1678414696639660,-1,,DEPLOY,DEPLOY
1678414697639727,-1,,DEPLOY,DEPLOY
1678414698639793,-1,,DEPLOY,DEPLOY
1678414699639858,-1,,DEPLOY,DEPLOY
1678414700639923,-1,,DEPLOY,DEPLOY
1678414701639995,-1,,DEPLOY,DEPLOY
1678414702640042,-1,,DEPLOY,DEPLOY
1678414703640114,-1,,DEPLOY,DEPLOY
1678414704640151,-1,,DEPLOY,DEPLOY
1678414705640230,-1,,DEPLOY,DEPLOY
1678414706640317,-1,,DEPLOY,DEPLOY
1678414707640382,-1,,DEPLOY,DEPLOY
1678414708640448,-1,,DEPLOY,DEPLOY
1678414709640514,-1,,DEPLOY,DEPLOY
1678414710640578,-1,,DEPLOY,DEPLOY
1678414711640649,-1,,DEPLOY,DEPLOY
1678414712640717,-1,,DEPLOY,DEPLOY
1678414713640783,-1,,DEPLOY,DEPLOY
1678414714640848,-1,,DEPLOY,DEPLOY
1678414715640913,-1,,DEPLOY,DEPLOY
1678414716640997,-1,,DEPLOY,DEPLOY
1678414717641078,-1,,DEPLOY,DEPLOY
1678414718641158,-1,,DEPLOY,DEPLOY
1678414719641241,-1,,DEPLOY,DEPLOY
1678414720641319,-1,,DEPLOY,DEPLOY
1678414721641407,-1,,DEPLOY,DEPLOY
1678414722641473,-1,,DEPLOY,DEPLOY
1678414723641538,-1,,DEPLOY,DEPLOY
1678414724641579,-1,,DEPLOY,DEPLOY
1678414725641645,-1,,DEPLOY,DEPLOY
1678414726641716,-1,,DEPLOY,DEPLOY
1678414727641783,-1,,DEPLOY,DEPLOY
1678414728641848,-1,,DEPLOY,DEPLOY
1678414729641912,-1,,DEPLOY,DEPLOY
1678414730641977,-1,,DEPLOY,DEPLOY
1678414731642046,-1,,DEPLOY,DEPLOY
1678414732642130,-1,,DEPLOY,DEPLOY
1678414733642173,-1,,DEPLOY,DEPLOY
1678414734642256,-1,,DEPLOY,DEPLOY
1678414735642339,-1,,DEPLOY,DEPLOY
1678414736642452,-1,,DEPLOY,DEPLOY
1678414737642518,-1,,DEPLOY,DEPLOY
1678414738642583,-1,,DEPLOY,DEPLOY
1678414739642648,-1,,DEPLOY,DEPLOY
1678414761833013,-1,Restarted! | ,CONFIG,START
1678414762833098,-1,,START,DEPLOY
1678414763833181,-1,,DEPLOY,DEPLOY
1678414764833263,-1,,DEPLOY,DEPLOY
1678414765833344,-1,,DEPLOY,DEPLOY
1678414766833429,-1,,DEPLOY,DEPLOY
1678414767833460,-1,,DEPLOY,DEPLOY
1678414768833525,-1,,DEPLOY,DEPLOY
1678414769833576,-1,,DEPLOY,DEPLOY
1678414770833640,-1,,DEPLOY,DEPLOY
1678414771833713,-1,,DEPLOY,DEPLOY
1678414772833781,-1,,DEPLOY,DEPLOY
1678414773833848,-1,,DEPLOY,DEPLOY
1678414774833914,-1,,DEPLOY,DEPLOY
1678414775833980,-1,,DEPLOY,DEPLOY
1678414776834068,-1,,DEPLOY,DEPLOY
1678414777834132,-1,,DEPLOY,DEPLOY
1678414778834198,-1,,DEPLOY,DEPLOY
1678414779834263,-1,,DEPLOY,DEPLOY
1678414780834328,-1,,DEPLOY,DEPLOY
1678414781834400,-1,,DEPLOY,DEPLOY
1678414782834478,-1,,DEPLOY,DEPLOY
1678414783834559,-1,,DEPLOY,DEPLOY
1678414784834643,-1,,DEPLOY,DEPLOY
1678414934871939,-1,Restarted! | ,CONFIG,START
1678414935872004,-1,,START,DEPLOY
1678414936872058,-1,,DEPLOY,DEPLOY
1678414937872078,-1,,DEPLOY,DEPLOY
1678414938872143,-1,,DEPLOY,DEPLOY
1678414939872227,-1,,DEPLOY,DEPLOY
1678415196257236,-1,Restarted! | ,CONFIG,START
1678415197257303,-1,,START,DEPLOY
1678415198257658,-1,,DEPLOY,DEPLOY
1678415199257724,-1,,DEPLOY,DEPLOY
1678415200257788,-1,,DEPLOY,DEPLOY
1678415201257884,-1,,DEPLOY,DEPLOY
1678415202257952,-1,,DEPLOY,DEPLOY
1678415203258017,-1,,DEPLOY,DEPLOY
1678415204258083,-1,,DEPLOY,DEPLOY
1678415205258148,-1,,DEPLOY,DEPLOY
1678415206258221,-1,,DEPLOY,DEPLOY
1678415207258303,-1,,DEPLOY,DEPLOY
1678415208258386,-1,,DEPLOY,DEPLOY
1678415209258468,-1,,DEPLOY,DEPLOY
1678416491023198,-1,Restarted! | ,CONFIG,START
1678416492023264,-1,,START,DEPLOY
1678416493023331,-1,,DEPLOY,DEPLOY
1678416494023396,-1,,DEPLOY,DEPLOY
1678416495023475,-1,,DEPLOY,DEPLOY
1678416496023555,-1,,DEPLOY,DEPLOY
1678416497023620,-1,,DEPLOY,DEPLOY
1678416498023685,-1,,DEPLOY,DEPLOY
1678416499023751,-1,,DEPLOY,DEPLOY
1678416500023817,-1,,DEPLOY,DEPLOY
1678416501023886,-1,,DEPLOY,DEPLOY
1678416502023954,-1,,DEPLOY,DEPLOY
1678416503024020,-1,,DEPLOY,DEPLOY
1678416504024085,-1,,DEPLOY,DEPLOY
1678416505024150,-1,,DEPLOY,DEPLOY
1678416506024219,-1,,DEPLOY,DEPLOY
1678416507024283,-1,,DEPLOY,DEPLOY
1678416508024348,-1,,DEPLOY,DEPLOY
1678416509024412,-1,,DEPLOY,DEPLOY
1678416510024478,-1,,DEPLOY,DEPLOY
1678416511024552,-1,,DEPLOY,DEPLOY
1678416512024632,-1,,DEPLOY,DEPLOY
1678416513024713,-1,,DEPLOY,DEPLOY
1678416514024798,-1,,DEPLOY,DEPLOY
1678416515024882,-1,,DEPLOY,DEPLOY
1678416516024973,-1,,DEPLOY,DEPLOY
1678416517025009,-1,,DEPLOY,DEPLOY
1678416518025074,-1,,DEPLOY,DEPLOY
1678416519025138,-1,,DEPLOY,DEPLOY
1678416520025203,-1,,DEPLOY,DEPLOY
1678416521025280,-1,,DEPLOY,DEPLOY
1678416522025356,-1,,DEPLOY,DEPLOY
1678416523025437,-1,,DEPLOY,DEPLOY
1678416524025521,-1,,DEPLOY,DEPLOY
1678416525025626,-1,,DEPLOY,DEPLOY
1678416526025806,-1,,DEPLOY,DEPLOY
1678416527025873,-1,,DEPLOY,DEPLOY
1678416528025938,-1,,DEPLOY,DEPLOY
1678416529026003,-1,,DEPLOY,DEPLOY
1678416530026067,-1,,DEPLOY,DEPLOY
1678416531026152,-1,,DEPLOY,DEPLOY
1678416532026231,-1,,DEPLOY,DEPLOY
1678416533026311,-1,,DEPLOY,DEPLOY
1678416534026392,-1,,DEPLOY,DEPLOY
1678416535026508,-1,,DEPLOY,DEPLOY
1678416536026600,-1,,DEPLOY,DEPLOY
1678416565594511,-1,Restarted! | ,CONFIG,START
1678416566594577,-1,,START,DEPLOY
1678416567594642,-1,,DEPLOY,DEPLOY
1678416894555147,-1,Restarted! | ,CONFIG,START
1678416895555221,-1,,START,DEPLOY
1678416896555291,-1,,DEPLOY,DEPLOY
1678416897555368,-1,,DEPLOY,DEPLOY
1678416898555456,-1,,DEPLOY,DEPLOY
1678416899555526,-1,,DEPLOY,DEPLOY
1678416900555612,-1,,DEPLOY,DEPLOY
1678416901555677,-1,,DEPLOY,DEPLOY
1678416902555741,-1,,DEPLOY,DEPLOY
1678416903555805,-1,,DEPLOY,DEPLOY
1678416904555884,-1,,DEPLOY,DEPLOY
1678416905555951,-1,,DEPLOY,DEPLOY
1678416906556016,-1,,DEPLOY,DEPLOY
1678416907556082,-1,,DEPLOY,DEPLOY
1678416908556156,-1,,DEPLOY,DEPLOY
1678416909556226,-1,,DEPLOY,DEPLOY
1678416910556299,-1,,DEPLOY,DEPLOY
1678416911556366,-1,,DEPLOY,DEPLOY
1678416912556429,-1,,DEPLOY,DEPLOY
1678416913556515,-1,,DEPLOY,DEPLOY
1678416914556661,-1,,DEPLOY,DEPLOY
1678416915556727,-1,,DEPLOY,DEPLOY
1678416916556808,-1,,DEPLOY,DEPLOY
1678416917556891,-1,,DEPLOY,DEPLOY
1678416918556969,-1,,DEPLOY,DEPLOY
1678416919557045,-1,,DEPLOY,DEPLOY
1678416920557109,-1,,DEPLOY,DEPLOY
1678416921557175,-1,,DEPLOY,DEPLOY
1678416922557240,-1,,DEPLOY,DEPLOY
1678416923557305,-1,,DEPLOY,DEPLOY
1678416924557374,-1,,DEPLOY,DEPLOY
1678416925557431,-1,,DEPLOY,DEPLOY
1678416926557495,-1,,DEPLOY,DEPLOY
1678416927557578,-1,,DEPLOY,DEPLOY
1678416928557643,-1,,DEPLOY,DEPLOY
1678416929557710,-1,,DEPLOY,DEPLOY
1678416930557787,-1,,DEPLOY,DEPLOY
1678416931557870,-1,,DEPLOY,DEPLOY
1678417305364472,-1,Restarted! | ,CONFIG,START
1678417306365279,-1,,START,DEPLOY
1678417307365347,-1,,DEPLOY,DEPLOY
1678417308365416,-1,,DEPLOY,DEPLOY
1678417309365495,-1,,DEPLOY,DEPLOY
1678417310365616,-1,,DEPLOY,DEPLOY
1678417311365686,-1,,DEPLOY,DEPLOY
1678417312365751,-1,,DEPLOY,DEPLOY
1678417313365821,-1,,DEPLOY,DEPLOY
1678417314365886,-1,,DEPLOY,DEPLOY
1678417315365955,-1,,DEPLOY,DEPLOY
1678417316366036,-1,,DEPLOY,DEPLOY
1678417317366113,-1,,DEPLOY,DEPLOY
1678417318366179,-1,,DEPLOY,DEPLOY
1678417319366246,-1,,DEPLOY,DEPLOY
1678417320366324,-1,,DEPLOY,DEPLOY
1678417321366390,-1,,DEPLOY,DEPLOY
1678417322366506,-1,,DEPLOY,DEPLOY
1678417323366570,-1,,DEPLOY,DEPLOY
1678417324366635,-1,,DEPLOY,DEPLOY
1678417325366712,-1,,DEPLOY,DEPLOY
1678417326366777,-1,,DEPLOY,DEPLOY
1678417327366847,-1,,DEPLOY,DEPLOY
1678417328366924,-1,,DEPLOY,DEPLOY
1678417329366993,-1,,DEPLOY,DEPLOY
1678417330367064,-1,,DEPLOY,DEPLOY
1678417331367132,-1,,DEPLOY,DEPLOY
1678417332367196,-1,,DEPLOY,DEPLOY
1678417333367263,-1,,DEPLOY,DEPLOY
1678417334367344,-1,,DEPLOY,DEPLOY
1678417335367445,-1,,DEPLOY,DEPLOY
1678417336367511,-1,,DEPLOY,DEPLOY
1678417337367578,-1,,DEPLOY,DEPLOY
1678417338367643,-1,,DEPLOY,DEPLOY
1678417339367708,-1,,DEPLOY,DEPLOY
1678417340367775,-1,,DEPLOY,DEPLOY
1678417341367845,-1,,DEPLOY,DEPLOY
1678417342367893,-1,,DEPLOY,DEPLOY
1678419083836124,-1,Restarted! | ,CONFIG,START
1678419084836188,-1,,START,DEPLOY
1678419085836253,-1,,DEPLOY,DEPLOY
1678419086836318,-1,,DEPLOY,DEPLOY
1678419748703742,-1,Restarted! | ,CONFIG,START
1678419749703812,-1,,START,DEPLOY
1678419750703931,-1,,DEPLOY,DEPLOY
1678419751703996,-1,,DEPLOY,DEPLOY
1678419752704071,-1,,DEPLOY,DEPLOY
1678419753704162,-1,,DEPLOY,DEPLOY
1678419754704236,-1,,DEPLOY,DEPLOY
1678419755704303,-1,,DEPLOY,DEPLOY
1678419756704337,-1,,DEPLOY,DEPLOY
1678419757704402,-1,,DEPLOY,DEPLOY
1678419758704470,-1,,DEPLOY,DEPLOY
1678419759704538,-1,,DEPLOY,DEPLOY
1678419760704603,-1,,DEPLOY,DEPLOY
1678419761704668,-1,,DEPLOY,DEPLOY
1678419762704736,-1,,DEPLOY,DEPLOY
1678419763704802,-1,,DEPLOY,DEPLOY
1678419764704867,-1,,DEPLOY,DEPLOY
1678419765704943,-1,,DEPLOY,DEPLOY
1678419766705006,-1,,DEPLOY,DEPLOY
1678419767705061,-1,,DEPLOY,DEPLOY
1678419768705227,-1,,DEPLOY,DEPLOY
1678419769705335,-1,,DEPLOY,DEPLOY
1678419770705401,-1,,DEPLOY,DEPLOY
1678419771705468,-1,,DEPLOY,DEPLOY
1678419772705541,-1,,DEPLOY,DEPLOY
1678419773705582,-1,,DEPLOY,DEPLOY
1678419774705647,-1,,DEPLOY,DEPLOY
1678419775705719,-1,,DEPLOY,DEPLOY
1678419776705801,-1,,DEPLOY,DEPLOY
1678419777705868,-1,,DEPLOY,DEPLOY
1678419778705936,-1,,DEPLOY,DEPLOY
1678419779706001,-1,,DEPLOY,DEPLOY
1678419780706066,-1,,DEPLOY,DEPLOY
1678419781706133,-1,,DEPLOY,DEPLOY
1678419782706216,-1,,DEPLOY,DEPLOY
1678419783706299,-1,,DEPLOY,DEPLOY
1678419784706365,-1,,DEPLOY,DEPLOY
1678419785706432,-1,,DEPLOY,DEPLOY
1678419786706498,-1,,DEPLOY,DEPLOY
1678419787706560,-1,,DEPLOY,DEPLOY
1678419788706633,-1,,DEPLOY,DEPLOY
1678419789706714,-1,,DEPLOY,DEPLOY
1678420946907640,-1,Restarted! | ,CONFIG,START
1678420947907715,-1,,START,DEPLOY
1678420948907788,-1,,DEPLOY,DEPLOY
1678420949907857,-1,,DEPLOY,DEPLOY
1678420950907939,-1,,DEPLOY,DEPLOY
1678420951908025,-1,,DEPLOY,DEPLOY
1678420952908099,-1,,DEPLOY,DEPLOY
1678420953908172,-1,,DEPLOY,DEPLOY
1678420954908239,-1,,DEPLOY,DEPLOY
1678420955908303,-1,,DEPLOY,DEPLOY
1678420956908370,-1,,DEPLOY,DEPLOY
1678420957908448,-1,,DEPLOY,DEPLOY
1678420958908523,-1,,DEPLOY,DEPLOY
1678420959908596,-1,,DEPLOY,DEPLOY
1678420960908663,-1,,DEPLOY,DEPLOY
1678420961908875,-1,,DEPLOY,DEPLOY
1678420962908939,-1,,DEPLOY,DEPLOY
1678420963909028,-1,,DEPLOY,DEPLOY
1678420964909096,-1,,DEPLOY,DEPLOY
1678420965909162,-1,,DEPLOY,DEPLOY
1678420966909229,-1,,DEPLOY,DEPLOY
1678420967909297,-1,,DEPLOY,DEPLOY
1678420968909361,-1,,DEPLOY,DEPLOY
1678420969909411,-1,,DEPLOY,DEPLOY
1678420970909489,-1,,DEPLOY,DEPLOY
1678420971909610,-1,,DEPLOY,DEPLOY
1678420972909676,-1,,DEPLOY,DEPLOY
1678420973909740,-1,,DEPLOY,DEPLOY
1678420974909806,-1,,DEPLOY,DEPLOY
1678420975909872,-1,,DEPLOY,DEPLOY
1678420976909939,-1,,DEPLOY,DEPLOY
1678420977910020,-1,,DEPLOY,DEPLOY
1678420978910093,-1,,DEPLOY,DEPLOY
1678420979910142,-1,,DEPLOY,DEPLOY
1678420980910208,-1,,DEPLOY,DEPLOY
1678420981910282,-1,,DEPLOY,DEPLOY
1678421017284281,-1,,CONFIG,START
1678421018284349,-1,,START,DEPLOY
1678421019284414,-1,,DEPLOY,DEPLOY
1678421020284479,-1,,DEPLOY,DEPLOY
1678421021284545,-1,,DEPLOY,DEPLOY
1678421022284838,-1,,DEPLOY,DEPLOY
1678421023284902,-1,,DEPLOY,DEPLOY
1678421024284967,-1,,DEPLOY,DEPLOY
1678421025285032,-1,,DEPLOY,DEPLOY
1678421026285108,-1,,DEPLOY,DEPLOY
1678421027285250,-1,,DEPLOY,DEPLOY
1678421028285335,-1,,DEPLOY,DEPLOY
1678421029285417,-1,,DEPLOY,DEPLOY
1678421030285499,-1,,DEPLOY,DEPLOY
1678421045664396,-1,Restarted! | ,CONFIG,START
1678421046664462,-1,,START,DEPLOY
1678421047664528,-1,,DEPLOY,DEPLOY
1678421048664595,-1,,DEPLOY,DEPLOY
1678421049664673,-1,,DEPLOY,DEPLOY
1678421050664756,-1,,DEPLOY,DEPLOY
1678421051664824,-1,,DEPLOY,DEPLOY
1678421052664889,-1,,DEPLOY,DEPLOY
1678421053664954,-1,,DEPLOY,DEPLOY
1678421054665020,-1,,DEPLOY,DEPLOY
1678421055665087,-1,,DEPLOY,DEPLOY
1678421056665152,-1,,DEPLOY,DEPLOY
1678421057665228,-1,,DEPLOY,DEPLOY
1678421058665293,-1,,DEPLOY,DEPLOY
1678421059665358,-1,,DEPLOY,DEPLOY
1678421060665496,-1,,DEPLOY,DEPLOY
1678421061665592,-1,,DEPLOY,DEPLOY
1678421062665671,-1,,DEPLOY,DEPLOY
1678421063665752,-1,,DEPLOY,DEPLOY
1678421064665835,-1,,DEPLOY,DEPLOY
1678421065665918,-1,,DEPLOY,DEPLOY
1678421066665985,-1,,DEPLOY,DEPLOY
1678421067666052,-1,,DEPLOY,DEPLOY
1678421068666120,-1,,DEPLOY,DEPLOY
1678421069666186,-1,,DEPLOY,DEPLOY
1678421070666256,-1,,DEPLOY,DEPLOY
1678421222016894,-1,Restarted! | ,CONFIG,START
1678421223016960,-1,,START,DEPLOY
1678421224017035,-1,,DEPLOY,DEPLOY
1678421225017103,-1,,DEPLOY,DEPLOY
1678421226017122,-1,,DEPLOY,DEPLOY
1678421227017196,-1,,DEPLOY,DEPLOY
1678421228017295,-1,,DEPLOY,DEPLOY
1678421229017362,-1,,DEPLOY,DEPLOY
1678421230017426,-1,,DEPLOY,DEPLOY
1678421231017492,-1,,DEPLOY,DEPLOY
1678421232017595,-1,,DEPLOY,DEPLOY
1678421233017662,-1,,DEPLOY,DEPLOY
1678421234017732,-1,,DEPLOY,DEPLOY
1678421235017799,-1,,DEPLOY,DEPLOY
1678421236017880,-1,,DEPLOY,DEPLOY
1678421237017952,-1,,DEPLOY,DEPLOY
1678421238018036,-1,,DEPLOY,DEPLOY
1678421239018113,-1,,DEPLOY,DEPLOY
1678421240018179,-1,,DEPLOY,DEPLOY
1678421241018245,-1,,DEPLOY,DEPLOY
1678421242018318,-1,,DEPLOY,DEPLOY
1678421243018383,-1,,DEPLOY,DEPLOY
1678421244018462,-1,,DEPLOY,DEPLOY
1678421245018543,-1,,DEPLOY,DEPLOY
1678421367119630,-1,Restarted! | ,CONFIG,START
1678421368119704,-1,,START,DEPLOY
1678421369119774,-1,,DEPLOY,DEPLOY
1678421370119839,-1,,DEPLOY,DEPLOY
1678421371119914,-1,,DEPLOY,DEPLOY
1678421372119981,-1,,DEPLOY,DEPLOY
1678421373120264,-1,,DEPLOY,DEPLOY
1678421374120376,-1,,DEPLOY,DEPLOY
1678421375120409,-1,,DEPLOY,DEPLOY
1678421376120475,-1,,DEPLOY,DEPLOY
1678421377120556,-1,,DEPLOY,DEPLOY
1678421378120631,-1,,DEPLOY,DEPLOY
1678421379120697,-1,,DEPLOY,DEPLOY
1678421380120763,-1,,DEPLOY,DEPLOY
1678421381120830,-1,,DEPLOY,DEPLOY
1678421382120898,-1,,DEPLOY,DEPLOY
1678421383120983,-1,,DEPLOY,DEPLOY
1678421384121064,-1,,DEPLOY,DEPLOY
1678421385121131,-1,,DEPLOY,DEPLOY
1678421386121196,-1,,DEPLOY,DEPLOY
1678421387121300,-1,,DEPLOY,DEPLOY
1678421388121366,-1,,DEPLOY,DEPLOY
1678421389121444,-1,,DEPLOY,DEPLOY
1678421390121531,-1,,DEPLOY,DEPLOY
1678421391121659,-1,,DEPLOY,DEPLOY
1678421392121741,-1,,DEPLOY,DEPLOY
1678421450670916,-1,Restarted! | ,CONFIG,START
1678421451670981,-1,,START,DEPLOY
1678421452671044,-1,,DEPLOY,DEPLOY
1678421453671109,-1,,DEPLOY,DEPLOY
1678421454671190,-1,,DEPLOY,DEPLOY
1678421455671273,-1,,DEPLOY,DEPLOY
1678421456671340,-1,,DEPLOY,DEPLOY
1678421457671404,-1,,DEPLOY,DEPLOY
1678421458671468,-1,,DEPLOY,DEPLOY
1678421459671533,-1,,DEPLOY,DEPLOY
1678421762277166,-1,Restarted! | ,CONFIG,START
1678421763277235,-1,,START,DEPLOY
1678421764277308,-1,,DEPLOY,DEPLOY
1678421765277380,-1,,DEPLOY,DEPLOY
1678421766277453,-1,,DEPLOY,DEPLOY
1678421767277535,-1,,DEPLOY,DEPLOY
1678421768277613,-1,,DEPLOY,DEPLOY
1678421769277679,-1,,DEPLOY,DEPLOY
1678421770277744,-1,,DEPLOY,DEPLOY
1678421771277808,-1,,DEPLOY,DEPLOY
1678421772277876,-1,,DEPLOY,DEPLOY
1678421773277955,-1,,DEPLOY,DEPLOY
1678421774278037,-1,,DEPLOY,DEPLOY
1678421775278106,-1,,DEPLOY,DEPLOY
1678421776278176,-1,,DEPLOY,DEPLOY
1678421777278309,-1,,DEPLOY,DEPLOY
1678421778278376,-1,,DEPLOY,DEPLOY
1678421779278440,-1,,DEPLOY,DEPLOY
1678421780278536,-1,,DEPLOY,DEPLOY
1678421781278600,-1,,DEPLOY,DEPLOY
1678421782278664,-1,,DEPLOY,DEPLOY
1678421783278729,-1,,DEPLOY,DEPLOY
1678421784278792,-1,,DEPLOY,DEPLOY
1678421785278874,-1,,DEPLOY,DEPLOY
1678421786278961,-1,,DEPLOY,DEPLOY
1678421787279038,-1,,DEPLOY,DEPLOY
1678421788279105,-1,,DEPLOY,DEPLOY
1678421789279170,-1,,DEPLOY,DEPLOY
1678421790279237,-1,,DEPLOY,DEPLOY
1678421791279302,-1,,DEPLOY,DEPLOY
1678421792279387,-1,,DEPLOY,DEPLOY
1678421839875050,-1,Restarted! | ,CONFIG,START
1678421840875116,-1,,START,DEPLOY
1678421841875199,-1,,DEPLOY,DEPLOY
1678421842875268,-1,,DEPLOY,DEPLOY
1678421843875345,-1,,DEPLOY,DEPLOY
1678421844875411,-1,,DEPLOY,DEPLOY
1678421845875477,-1,,DEPLOY,DEPLOY
1678422047467314,-1,Restarted! | ,CONFIG,START
1678422048467385,-1,,START,DEPLOY
1678422049467464,-1,,DEPLOY,DEPLOY
1678422121562488,-1,Restarted! | ,CONFIG,START
1678422122562562,-1,,START,DEPLOY
1678422123562637,-1,,DEPLOY,DEPLOY
1678422124562702,-1,,DEPLOY,DEPLOY
1678422125562769,-1,,DEPLOY,DEPLOY
1678422126562834,-1,,DEPLOY,DEPLOY
1678422127562910,-1,,DEPLOY,DEPLOY
1678422128562975,-1,,DEPLOY,DEPLOY
1678422129563040,-1,,DEPLOY,DEPLOY
1678422130563108,-1,,DEPLOY,DEPLOY
1678422131563251,-1,,DEPLOY,DEPLOY
1678422132563337,-1,,DEPLOY,DEPLOY
1678422133563404,-1,,DEPLOY,DEPLOY
1678422134563470,-1,,DEPLOY,DEPLOY
1678422135563536,-1,,DEPLOY,DEPLOY
1678422136563603,-1,,DEPLOY,DEPLOY
1678422137563669,-1,,DEPLOY,DEPLOY
1678422138563755,-1,,DEPLOY,DEPLOY
1678422139563826,-1,,DEPLOY,DEPLOY
1678422140563891,-1,,DEPLOY,DEPLOY
1678422141563961,-1,,DEPLOY,DEPLOY
1678422142564026,-1,,DEPLOY,DEPLOY
1678422143564105,-1,,DEPLOY,DEPLOY
1678422144564186,-1,,DEPLOY,DEPLOY
1678422145564267,-1,,DEPLOY,DEPLOY
1678422146564349,-1,,DEPLOY,DEPLOY
1678422147564441,-1,,DEPLOY,DEPLOY
1678422148564505,-1,,DEPLOY,DEPLOY
1678422149564570,-1,,DEPLOY,DEPLOY
1678422150564604,-1,,DEPLOY,DEPLOY
1678422151564730,-1,,DEPLOY,DEPLOY
1678422152564812,-1,,DEPLOY,DEPLOY
1678422153564888,-1,,DEPLOY,DEPLOY
1678422154564968,-1,,DEPLOY,DEPLOY
1678422155565051,-1,,DEPLOY,DEPLOY
1678422156565145,-1,,DEPLOY,DEPLOY
1678422157565212,-1,,DEPLOY,DEPLOY
1678422158565276,-1,,DEPLOY,DEPLOY
1678422159565341,-1,,DEPLOY,DEPLOY
1678422160565405,-1,,DEPLOY,DEPLOY
1678422161565472,-1,,DEPLOY,DEPLOY
1678422162565554,-1,,DEPLOY,DEPLOY
1678422163565619,-1,,DEPLOY,DEPLOY
1678422164565684,-1,,DEPLOY,DEPLOY
1678422165565747,-1,,DEPLOY,DEPLOY
1678422166565816,-1,,DEPLOY,DEPLOY
1678422167565882,-1,,DEPLOY,DEPLOY
1678422168565947,-1,,DEPLOY,DEPLOY
1678422169566014,-1,,DEPLOY,DEPLOY
1678422170566078,-1,,DEPLOY,DEPLOY
1678422171566151,-1,,DEPLOY,DEPLOY
1678422172566216,-1,,DEPLOY,DEPLOY
1678422173566298,-1,,DEPLOY,DEPLOY
1678422201696307,-1,,CONFIG,START
1678422202696357,-1,,START,DEPLOY
1678422203696423,-1,,DEPLOY,DEPLOY
1678422204696489,-1,,DEPLOY,DEPLOY
1678422205696555,-1,,DEPLOY,DEPLOY
1678422206696625,-1,,DEPLOY,DEPLOY
1678422207696668,-1,,DEPLOY,DEPLOY
1678422208696733,-1,,DEPLOY,DEPLOY
1678422209696797,-1,,DEPLOY,DEPLOY
1678422210696862,-1,,DEPLOY,DEPLOY
1678422211696927,-1,,DEPLOY,DEPLOY
1678422212696994,-1,,DEPLOY,DEPLOY
1678422213704773,-1,,DEPLOY,DEPLOY
1678422250446013,-1,Restarted! | ,CONFIG,START
1678422251446078,-1,,START,DEPLOY
1678422252446142,-1,,DEPLOY,DEPLOY
1678422253446208,-1,,DEPLOY,DEPLOY
1678422254446273,-1,,DEPLOY,DEPLOY
1678422255446338,-1,,DEPLOY,DEPLOY
1678422256446406,-1,,DEPLOY,DEPLOY
1678475940671091,-1,Restarted! | ,CONFIG,START
1678475941671174,-1,,START,DEPLOY
1678475942671245,-1,,DEPLOY,DEPLOY
1678475943671317,-1,,DEPLOY,DEPLOY
1678475944671394,-1,,DEPLOY,DEPLOY
1678475945671469,-1,,DEPLOY,DEPLOY
1678475946671572,-1,,DEPLOY,DEPLOY
1678475947671647,-1,,DEPLOY,DEPLOY
1678475948671738,-1,,DEPLOY,DEPLOY
1678475949671811,-1,,DEPLOY,DEPLOY
1678475950672054,-1,,DEPLOY,DEPLOY
1678475951672125,-1,,DEPLOY,DEPLOY
1678475952672231,-1,,DEPLOY,DEPLOY
1678475953672363,-1,,DEPLOY,DEPLOY
1678475954672447,-1,,DEPLOY,DEPLOY
1678475955672526,-1,,DEPLOY,DEPLOY
1678475956672603,-1,,DEPLOY,DEPLOY
1678475957672679,-1,,DEPLOY,DEPLOY
1678475958672778,-1,,DEPLOY,DEPLOY
1678475959672870,-1,,DEPLOY,DEPLOY
1678475960672980,-1,,DEPLOY,DEPLOY
1678475961673060,-1,,DEPLOY,DEPLOY
1678475962673126,-1,,DEPLOY,DEPLOY
1678475963673192,-1,,DEPLOY,DEPLOY
1678475964673258,-1,,DEPLOY,DEPLOY
1678475965674663,-1,,DEPLOY,DEPLOY
1678475966674727,-1,,DEPLOY,DEPLOY
1678475967674801,-1,,DEPLOY,DEPLOY
1678475968674867,-1,,DEPLOY,DEPLOY
1678475969674931,-1,,DEPLOY,DEPLOY
1678475970675035,-1,,DEPLOY,DEPLOY
1678475971675103,-1,,DEPLOY,DEPLOY
1678475972675168,-1,,DEPLOY,DEPLOY
1678475973675234,-1,,DEPLOY,DEPLOY
1678475974675302,-1,,DEPLOY,DEPLOY
1678475975675406,-1,,DEPLOY,DEPLOY
1678475976675485,-1,,DEPLOY,DEPLOY
1678475977675550,-1,,DEPLOY,DEPLOY
1678475978675617,-1,,DEPLOY,DEPLOY
1678475979675683,-1,,DEPLOY,DEPLOY
1678475980675838,-1,,DEPLOY,DEPLOY
1678475981675918,-1,,DEPLOY,DEPLOY
1678476012841751,-1,,CONFIG,START
1678476013841817,-1,,START,DEPLOY
1678476014841916,-1,,DEPLOY,DEPLOY
1678476015841987,-1,,DEPLOY,DEPLOY
1678476016842064,-1,,DEPLOY,DEPLOY
1678476017842131,-1,,DEPLOY,DEPLOY
1678476018842200,-1,,DEPLOY,DEPLOY
1678476019842268,-1,,DEPLOY,DEPLOY
1678476020842333,-1,,DEPLOY,DEPLOY
1678476021842368,-1,,DEPLOY,DEPLOY
1678476022842434,-1,,DEPLOY,DEPLOY
1678476023842499,-1,,DEPLOY,DEPLOY
1678476024842571,-1,,DEPLOY,DEPLOY
1678476025842651,-1,,DEPLOY,DEPLOY
1678476026842734,-1,,DEPLOY,DEPLOY
1678476027842825,-1,,DEPLOY,DEPLOY
1678476028842908,-1,,DEPLOY,DEPLOY
1678476029842977,-1,,DEPLOY,DEPLOY
1678476030843048,-1,,DEPLOY,DEPLOY
1678476031843119,-1,,DEPLOY,DEPLOY
1678476032843187,-1,,DEPLOY,DEPLOY
1678476033843257,-1,,DEPLOY,DEPLOY
1678476072109848,-1,Restarted! | ,CONFIG,START
1678476073109912,-1,,START,DEPLOY
1678476074109978,-1,,DEPLOY,DEPLOY
1678476075110042,-1,,DEPLOY,DEPLOY
1678476076110108,-1,,DEPLOY,DEPLOY
1678476077110186,-1,,DEPLOY,DEPLOY
1678476078110253,-1,,DEPLOY,DEPLOY
1678476079110319,-1,,DEPLOY,DEPLOY
1678476209970058,-1,Restarted! | ,CONFIG,START
1678476210970133,-1,,START,DEPLOY
1678476211970820,-1,,DEPLOY,DEPLOY
1678476212970970,-1,,DEPLOY,DEPLOY
1678476213971035,-1,,DEPLOY,DEPLOY
1678476214971105,-1,,DEPLOY,DEPLOY
1678476215971184,-1,,DEPLOY,DEPLOY
1678476216971253,-1,,DEPLOY,DEPLOY
1678476217971328,-1,,DEPLOY,DEPLOY
1678476218971445,-1,,DEPLOY,DEPLOY
1678476219971516,-1,,DEPLOY,DEPLOY
1678476220971582,-1,,DEPLOY,DEPLOY
1678476221971648,-1,,DEPLOY,DEPLOY
1678476222971717,-1,,DEPLOY,DEPLOY
1678476223971788,-1,,DEPLOY,DEPLOY
1678476224971858,-1,,DEPLOY,DEPLOY
1678476225971940,-1,,DEPLOY,DEPLOY
1678476226972014,-1,,DEPLOY,DEPLOY
1678476227972084,-1,,DEPLOY,DEPLOY
1678476228972156,-1,,DEPLOY,DEPLOY
1678476229972253,-1,,DEPLOY,DEPLOY
1678476230972319,-1,,DEPLOY,DEPLOY
1678476231972384,-1,,DEPLOY,DEPLOY
1678476232972449,-1,,DEPLOY,DEPLOY
1678476233972518,-1,,DEPLOY,DEPLOY
1678476234972583,-1,,DEPLOY,DEPLOY
1678476235972649,-1,,DEPLOY,DEPLOY
1678476236972715,-1,,DEPLOY,DEPLOY
1678476293181918,-1,Restarted! | ,CONFIG,START
1678476294182022,-1,,START,DEPLOY
1678476295182082,-1,,DEPLOY,DEPLOY
1678476296182160,-1,,DEPLOY,DEPLOY
1678476297182241,-1,,DEPLOY,DEPLOY
1678476298182327,-1,,DEPLOY,DEPLOY
1678476299182394,-1,,DEPLOY,DEPLOY
1678476300182459,-1,,DEPLOY,DEPLOY
1678476301182526,-1,,DEPLOY,DEPLOY
1678476302182593,-1,,DEPLOY,DEPLOY
1678476303182660,-1,,DEPLOY,DEPLOY
1678476304182724,-1,,DEPLOY,DEPLOY
1678476305182789,-1,,DEPLOY,DEPLOY
1678476306182867,-1,,DEPLOY,DEPLOY
1678476307182933,-1,,DEPLOY,DEPLOY
1678476308183005,-1,,DEPLOY,DEPLOY
1678476309183083,-1,,DEPLOY,DEPLOY
1678476310183167,-1,,DEPLOY,DEPLOY
1678476311183247,-1,,DEPLOY,DEPLOY
1678476312183315,-1,,DEPLOY,DEPLOY
1678476313183389,-1,,DEPLOY,DEPLOY
1678476314183454,-1,,DEPLOY,DEPLOY
1678476315183491,-1,,DEPLOY,DEPLOY
1678476316183556,-1,,DEPLOY,DEPLOY
1678476317183622,-1,,DEPLOY,DEPLOY
1678476318183701,-1,,DEPLOY,DEPLOY
1678476319183767,-1,,DEPLOY,DEPLOY
1678476320183833,-1,,DEPLOY,DEPLOY
1678476321183896,-1,,DEPLOY,DEPLOY
1678476322183960,-1,,DEPLOY,DEPLOY
1678477410990208,-1,Restarted! | ,CONFIG,START
1678477411990285,-1,,START,DEPLOY
1678477412990366,-1,,DEPLOY,DEPLOY
1678477413990437,-1,,DEPLOY,DEPLOY
1678477414990528,-1,,DEPLOY,DEPLOY
1678477415990600,-1,,DEPLOY,DEPLOY
1678477416996238,-1,,DEPLOY,DEPLOY
1678477417996308,-1,,DEPLOY,DEPLOY
1678477418996403,-1,,DEPLOY,DEPLOY
1678477419996942,-1,,DEPLOY,DEPLOY
1678477420997014,-1,,DEPLOY,DEPLOY
1678477421997088,-1,,DEPLOY,DEPLOY
1678477422997171,-1,,DEPLOY,DEPLOY
1678477423997274,-1,,DEPLOY,DEPLOY
1678477424997339,-1,,DEPLOY,DEPLOY
1678477425997430,-1,,DEPLOY,DEPLOY
1678477426997521,-1,,DEPLOY,DEPLOY
1678477427997609,-1,,DEPLOY,DEPLOY
1678477428997679,-1,,DEPLOY,DEPLOY
1678477429997748,-1,,DEPLOY,DEPLOY
1678477430997821,-1,,DEPLOY,DEPLOY
1678477431997888,-1,,DEPLOY,DEPLOY
1678477432997957,-1,,DEPLOY,DEPLOY
1678477433998028,-1,,DEPLOY,DEPLOY
1678477434998111,-1,,DEPLOY,DEPLOY
1678477435998193,-1,,DEPLOY,DEPLOY
1678477436998273,-1,,DEPLOY,DEPLOY
1678477437998342,-1,,DEPLOY,DEPLOY
1678477438998409,-1,,DEPLOY,DEPLOY
1678477439998503,-1,,DEPLOY,DEPLOY
1678477440998645,-1,,DEPLOY,DEPLOY
1678477441998730,-1,,DEPLOY,DEPLOY
1678477442998805,-1,,DEPLOY,DEPLOY
1678477443998897,-1,,DEPLOY,DEPLOY
1678477444998962,-1,,DEPLOY,DEPLOY
1678477445999047,-1,,DEPLOY,DEPLOY
1678477446999124,-1,,DEPLOY,DEPLOY
1678477447999212,-1,,DEPLOY,DEPLOY
1678477448999385,-1,,DEPLOY,DEPLOY
1678477449999451,-1,,DEPLOY,DEPLOY
1678477450999898,-1,,DEPLOY,DEPLOY
1678477451999968,-1,,DEPLOY,DEPLOY
1678477453000392,-1,,DEPLOY,DEPLOY
1678477454000471,-1,,DEPLOY,DEPLOY
1678477455000664,-1,,DEPLOY,DEPLOY
1678477456000769,-1,,DEPLOY,DEPLOY
1678477457000871,-1,,DEPLOY,DEPLOY
1678477458000942,-1,,DEPLOY,DEPLOY
1678477459001016,-1,,DEPLOY,DEPLOY
1678477460001089,-1,,DEPLOY,DEPLOY
1678477461001173,-1,,DEPLOY,DEPLOY
1678477462001253,-1,,DEPLOY,DEPLOY
1678477463001378,-1,,DEPLOY,DEPLOY
1678477464001449,-1,,DEPLOY,DEPLOY
1678477465001525,-1,,DEPLOY,DEPLOY
1678477466001630,-1,,DEPLOY,DEPLOY
1678477566525528,-1,Restarted! | ,CONFIG,START
1678477567525610,-1,,START,DEPLOY
1678477568525734,-1,,DEPLOY,DEPLOY
1678477569525806,-1,,DEPLOY,DEPLOY
1678477570525889,-1,,DEPLOY,DEPLOY
1678477571525970,-1,,DEPLOY,DEPLOY
1678477572526044,-1,,DEPLOY,DEPLOY
1678477573526117,-1,,DEPLOY,DEPLOY
1678477574526187,-1,,DEPLOY,DEPLOY
1678477575526277,-1,,DEPLOY,DEPLOY
1678477576526498,-1,,DEPLOY,DEPLOY
1678477577526565,-1,,DEPLOY,DEPLOY
1678477578526668,-1,,DEPLOY,DEPLOY
1678477579526770,-1,,DEPLOY,DEPLOY
1678477580526840,-1,,DEPLOY,DEPLOY
1678477581526916,-1,,DEPLOY,DEPLOY
1678477582526987,-1,,DEPLOY,DEPLOY
1678477583527065,-1,,DEPLOY,DEPLOY
1678477584527135,-1,,DEPLOY,DEPLOY
1678477585527275,-1,,DEPLOY,DEPLOY
1678477586527401,-1,,DEPLOY,DEPLOY
1678477587527481,-1,,DEPLOY,DEPLOY
1678477588527550,-1,,DEPLOY,DEPLOY
1678477589527632,-1,,DEPLOY,DEPLOY
1678477590527701,-1,,DEPLOY,DEPLOY
1678477591527813,-1,,DEPLOY,DEPLOY
1678477592527912,-1,,DEPLOY,DEPLOY
1678477593527982,-1,,DEPLOY,DEPLOY
1678477594528084,-1,,DEPLOY,DEPLOY
1678477595528174,-1,,DEPLOY,DEPLOY
1678477596528247,-1,,DEPLOY,DEPLOY
1678477597528314,-1,,DEPLOY,DEPLOY
1678477598528389,-1,,DEPLOY,DEPLOY
1678477599528489,-1,,DEPLOY,DEPLOY
1678477600528554,-1,,DEPLOY,DEPLOY
1678477601528630,-1,,DEPLOY,DEPLOY
1678477602528700,-1,,DEPLOY,DEPLOY
1678477603528816,-1,,DEPLOY,DEPLOY
1678477604528891,-1,,DEPLOY,DEPLOY
1678487705637125,-1,Restarted! | ,CONFIG,START
1678487706637195,-1,,START,DEPLOY
1678487707637266,-1,,DEPLOY,DEPLOY
1678487708640555,-1,,DEPLOY,DEPLOY
1678487709640619,-1,,DEPLOY,DEPLOY
1678487710640694,-1,,DEPLOY,DEPLOY
1678487711640774,-1,,DEPLOY,DEPLOY
1678487712640842,-1,,DEPLOY,DEPLOY
1678487713640907,-1,,DEPLOY,DEPLOY
1678487714641155,-1,,DEPLOY,DEPLOY
1678487715641244,-1,,DEPLOY,DEPLOY
1678487716641318,-1,,DEPLOY,DEPLOY
1678487717641391,-1,,DEPLOY,DEPLOY
1678487718641457,-1,,DEPLOY,DEPLOY
1678487719641522,-1,,DEPLOY,DEPLOY
1678487720641690,-1,,DEPLOY,DEPLOY
1678487721641756,-1,,DEPLOY,DEPLOY
1678487722641832,-1,,DEPLOY,DEPLOY
1678487723641912,-1,,DEPLOY,DEPLOY
1678487724641978,-1,,DEPLOY,DEPLOY
1678487725642045,-1,,DEPLOY,DEPLOY
1678487726642125,-1,,DEPLOY,DEPLOY
1678487727646057,-1,,DEPLOY,DEPLOY
1678487728646120,-1,,DEPLOY,DEPLOY
1678487729646184,-1,,DEPLOY,DEPLOY
1678487730646251,-1,,DEPLOY,DEPLOY
1678487731646316,-1,,DEPLOY,DEPLOY
1678487732646394,-1,,DEPLOY,DEPLOY
1678487733646461,-1,,DEPLOY,DEPLOY
1678487734646527,-1,,DEPLOY,DEPLOY
1678487735646607,-1,,DEPLOY,DEPLOY
1678487736646673,-1,,DEPLOY,DEPLOY
1678487737646737,-1,,DEPLOY,DEPLOY
1678487738646817,-1,,DEPLOY,DEPLOY
1678487739646885,-1,,DEPLOY,DEPLOY
1678487740646966,-1,,DEPLOY,DEPLOY
1678487741647032,-1,,DEPLOY,DEPLOY
1678487742647098,-1,,DEPLOY,DEPLOY
1678487743647163,-1,,DEPLOY,DEPLOY
1678487744647240,-1,,DEPLOY,DEPLOY
1678487745647311,-1,,DEPLOY,DEPLOY
1678487746647375,-1,,DEPLOY,DEPLOY
1678487747647441,-1,,DEPLOY,DEPLOY
1678487748647508,-1,,DEPLOY,DEPLOY
1678487749647573,-1,,DEPLOY,DEPLOY
1678487750647949,-1,,DEPLOY,DEPLOY
1678487751648020,-1,,DEPLOY,DEPLOY
1678487752648086,-1,,DEPLOY,DEPLOY
1678487753648153,-1,,DEPLOY,DEPLOY
1678487901709639,-1,Restarted! | ,CONFIG,START
1678487902709716,-1,,START,DEPLOY
1678487903709784,-1,,DEPLOY,DEPLOY
1678487904709851,-1,,DEPLOY,DEPLOY
1678487905709926,-1,,DEPLOY,DEPLOY
1678487906710002,-1,,DEPLOY,DEPLOY
1678487907710097,-1,,DEPLOY,DEPLOY
1678487908710165,-1,,DEPLOY,DEPLOY
1678487909710229,-1,,DEPLOY,DEPLOY
1678487910710293,-1,,DEPLOY,DEPLOY
1678487911710368,-1,,DEPLOY,DEPLOY
1678487912710415,-1,,DEPLOY,DEPLOY
1678487913710482,-1,,DEPLOY,DEPLOY
1678487914710554,-1,,DEPLOY,DEPLOY
1678487915710620,-1,,DEPLOY,DEPLOY
1678487916710693,-1,,DEPLOY,DEPLOY
1678487917711286,-1,,DEPLOY,DEPLOY
1678487918711357,-1,,DEPLOY,DEPLOY
1678487919711466,-1,,DEPLOY,DEPLOY
1678487920711533,-1,,DEPLOY,DEPLOY
1678487921711670,-1,,DEPLOY,DEPLOY
1678487922711749,-1,,DEPLOY,DEPLOY
1678487923711823,-1,,DEPLOY,DEPLOY
1678487924711904,-1,,DEPLOY,DEPLOY
1678487925711987,-1,,DEPLOY,DEPLOY
1678487926712075,-1,,DEPLOY,DEPLOY
1678487927712140,-1,,DEPLOY,DEPLOY
1678487928712204,-1,,DEPLOY,DEPLOY
1678487929712268,-1,,DEPLOY,DEPLOY
1678487930712335,-1,,DEPLOY,DEPLOY
1678487931712416,-1,,DEPLOY,DEPLOY
1678487932712483,-1,,DEPLOY,DEPLOY
1678487933712549,-1,,DEPLOY,DEPLOY
1678487934712606,-1,,DEPLOY,DEPLOY
1678487935712671,-1,,DEPLOY,DEPLOY
1678487936712744,-1,,DEPLOY,DEPLOY
1678487937712812,-1,,DEPLOY,DEPLOY
1678487938712877,-1,,DEPLOY,DEPLOY
1678487939712940,-1,,DEPLOY,DEPLOY
1678487989194541,-1,Restarted! | ,CONFIG,START
1678487990204726,-1,,START,DEPLOY
1678487991204792,-1,,DEPLOY,DEPLOY
1678487992204858,-1,,DEPLOY,DEPLOY
1678487993204936,-1,,DEPLOY,DEPLOY
1678487994205029,-1,,DEPLOY,DEPLOY
1678487995205100,-1,,DEPLOY,DEPLOY
1678487996205165,-1,,DEPLOY,DEPLOY
1678487997205229,-1,,DEPLOY,DEPLOY
1678487998205294,-1,,DEPLOY,DEPLOY
1678487999205374,-1,,DEPLOY,DEPLOY
1678488000205442,-1,,DEPLOY,DEPLOY
1678488001205507,-1,,DEPLOY,DEPLOY
1678488002205574,-1,,DEPLOY,DEPLOY
1678488003205640,-1,,DEPLOY,DEPLOY
1678488004205754,-1,,DEPLOY,DEPLOY
1678488005205827,-1,,DEPLOY,DEPLOY
1678488006205902,-1,,DEPLOY,DEPLOY
1678488007205979,-1,,DEPLOY,DEPLOY
1678488008206062,-1,,DEPLOY,DEPLOY
1678488009206139,-1,,DEPLOY,DEPLOY
1678488010206204,-1,,DEPLOY,DEPLOY
1678488011206269,-1,,DEPLOY,DEPLOY
1678488012206333,-1,,DEPLOY,DEPLOY
1678488013206399,-1,,DEPLOY,DEPLOY
1678488014206482,-1,,DEPLOY,DEPLOY
1678488015206546,-1,,DEPLOY,DEPLOY
1678488016206611,-1,,DEPLOY,DEPLOY
1678488017206677,-1,,DEPLOY,DEPLOY
1678488018206743,-1,,DEPLOY,DEPLOY
1678488019206811,-1,,DEPLOY,DEPLOY
1678488020206886,-1,,DEPLOY,DEPLOY
1678488021206966,-1,,DEPLOY,DEPLOY
1678488022207048,-1,,DEPLOY,DEPLOY
1678488111678883,-1,Restarted! | ,CONFIG,START
1678488112678959,-1,,START,DEPLOY
1678488113679028,-1,,DEPLOY,DEPLOY
1678488114679366,-1,,DEPLOY,DEPLOY
1678488115679432,-1,,DEPLOY,DEPLOY
1678488116679517,-1,,DEPLOY,DEPLOY
1678488117679584,-1,,DEPLOY,DEPLOY
1678488118679678,-1,,DEPLOY,DEPLOY
1678488119679734,-1,,DEPLOY,DEPLOY
1678488120679799,-1,,DEPLOY,DEPLOY
1678488121679899,-1,,DEPLOY,DEPLOY
1678488122679964,-1,,DEPLOY,DEPLOY
1678488123680031,-1,,DEPLOY,DEPLOY
1678488124680097,-1,,DEPLOY,DEPLOY
1678488125680167,-1,,DEPLOY,DEPLOY
1678488126680235,-1,,DEPLOY,DEPLOY
1678488127680364,-1,,DEPLOY,DEPLOY
1678488128680431,-1,,DEPLOY,DEPLOY
1678488129680503,-1,,DEPLOY,DEPLOY
1678488130680572,-1,,DEPLOY,DEPLOY
1678488131680642,-1,,DEPLOY,DEPLOY
1678488132680709,-1,,DEPLOY,DEPLOY
1678488133680776,-1,,DEPLOY,DEPLOY
1678488134680842,-1,,DEPLOY,DEPLOY
1678488135680908,-1,,DEPLOY,DEPLOY
1678488136680981,-1,,DEPLOY,DEPLOY
1678488137681048,-1,,DEPLOY,DEPLOY
1678488138681122,-1,,DEPLOY,DEPLOY
1678488139681197,-1,,DEPLOY,DEPLOY
1678488140681264,-1,,DEPLOY,DEPLOY
1678488141681341,-1,,DEPLOY,DEPLOY
1678488142681409,-1,,DEPLOY,DEPLOY
1678488143681639,-1,,DEPLOY,DEPLOY
1678488144681706,-1,,DEPLOY,DEPLOY
1678488145681786,-1,,DEPLOY,DEPLOY
1678488146681857,-1,,DEPLOY,DEPLOY
1678488147681924,-1,,DEPLOY,DEPLOY
1678488148681988,-1,,DEPLOY,DEPLOY
1678488149682053,-1,,DEPLOY,DEPLOY
1678488150682118,-1,,DEPLOY,DEPLOY
1678488151682196,-1,,DEPLOY,DEPLOY
1678488152682264,-1,,DEPLOY,DEPLOY
1678488153682330,-1,,DEPLOY,DEPLOY
1687737708839713,-1,Restarted! | ,CONFIG,START
1687737709839780,-1,,START,DEPLOY
1687737710839844,-1,,DEPLOY,DEPLOY
1687737711839910,-1,,DEPLOY,DEPLOY
1687737712839974,-1,,DEPLOY,DEPLOY
1687737713840038,-1,,DEPLOY,DEPLOY
1687737714840105,-1,,DEPLOY,DEPLOY
1687737715840170,-1,,DEPLOY,DEPLOY
1687737716840262,-1,,DEPLOY,DEPLOY
1687737717840326,-1,,DEPLOY,DEPLOY
1687737718840392,-1,,DEPLOY,DEPLOY
1687737719840474,-1,,DEPLOY,DEPLOY
1687748012160864,-1,Restarted! | ,CONFIG,START
1687748013160932,-1,,START,DEPLOY
1687748014160997,-1,,DEPLOY,DEPLOY
1687748015161062,-1,,DEPLOY,DEPLOY
1687748016161126,-1,,DEPLOY,DEPLOY
1687748017161198,-1,,DEPLOY,DEPLOY
1687748018161267,-1,,DEPLOY,DEPLOY
1687748019161332,-1,,DEPLOY,DEPLOY
1687748020161380,-1,,DEPLOY,DEPLOY
1687748021161445,-1,,DEPLOY,DEPLOY
1687748022161522,-1,,DEPLOY,DEPLOY
1687748023161588,-1,,DEPLOY,DEPLOY
1687748024161652,-1,,DEPLOY,DEPLOY
1687748025161716,-1,,DEPLOY,DEPLOY
1687748026161780,-1,,DEPLOY,DEPLOY
1687748027161851,-1,,DEPLOY,DEPLOY
1687748028161933,-1,,DEPLOY,DEPLOY
1687748029162018,-1,,DEPLOY,DEPLOY
1687748030162100,-1,,DEPLOY,DEPLOY
1687748031162182,-1,,DEPLOY,DEPLOY
1687748032162274,-1,,DEPLOY,DEPLOY
1687748033162341,-1,,DEPLOY,DEPLOY
1687748034162405,-1,,DEPLOY,DEPLOY
1687748035162469,-1,,DEPLOY,DEPLOY
1687748036162534,-1,,DEPLOY,DEPLOY
1687751364080498,-1,Restarted! | ,CONFIG,START
1687751365080561,-1,,START,DEPLOY
1687751366080626,-1,,DEPLOY,DEPLOY
1687751367080690,-1,,DEPLOY,DEPLOY
1687751368080755,-1,,DEPLOY,DEPLOY
1687751369080836,-1,,DEPLOY,DEPLOY
1687751370080917,-1,,DEPLOY,DEPLOY
1687751371080999,-1,,DEPLOY,DEPLOY
1687751372081080,-1,,DEPLOY,DEPLOY
1687751373081163,-1,,DEPLOY,DEPLOY
1687751374081248,-1,,DEPLOY,DEPLOY
1687751375081315,-1,,DEPLOY,DEPLOY
1687751376081379,-1,,DEPLOY,DEPLOY
1687751377081444,-1,,DEPLOY,DEPLOY
1687751378081509,-1,,DEPLOY,DEPLOY
1687751379081578,-1,,DEPLOY,DEPLOY
1687751380081646,-1,,DEPLOY,DEPLOY
1687751381081710,-1,,DEPLOY,DEPLOY
1687751382081774,-1,,DEPLOY,DEPLOY
1687751383081838,-1,,DEPLOY,DEPLOY
1687751384081905,-1,,DEPLOY,DEPLOY
1687751385082048,-1,,DEPLOY,DEPLOY
1687751386082132,-1,,DEPLOY,DEPLOY
1687751387082215,-1,,DEPLOY,DEPLOY
1687751388082297,-1,,DEPLOY,DEPLOY
1687751389082389,-1,,DEPLOY,DEPLOY
1687751390082455,-1,,DEPLOY,DEPLOY
1687751391082519,-1,,DEPLOY,DEPLOY
1687751392082582,-1,,DEPLOY,DEPLOY
1687751393082646,-1,,DEPLOY,DEPLOY
1687751394082719,-1,,DEPLOY,DEPLOY
1687751395082786,-1,,DEPLOY,DEPLOY
1687751396082850,-1,,DEPLOY,DEPLOY
1687751502019806,-1,Restarted! | ,CONFIG,START
1687751503019874,-1,,START,DEPLOY
1687751504019939,-1,,DEPLOY,DEPLOY
1687751505020002,-1,,DEPLOY,DEPLOY
1687751506020067,-1,,DEPLOY,DEPLOY
1687751507020141,-1,,DEPLOY,DEPLOY
1687751508021640,-1,,DEPLOY,DEPLOY
1687751509021725,-1,,DEPLOY,DEPLOY
1687751510021805,-1,,DEPLOY,DEPLOY
1687751511021887,-1,,DEPLOY,DEPLOY
1687751512021972,-1,,DEPLOY,DEPLOY
1687751513021993,-1,,DEPLOY,DEPLOY
1687751514022058,-1,,DEPLOY,DEPLOY
1687751515022123,-1,,DEPLOY,DEPLOY
1687751516022190,-1,,DEPLOY,DEPLOY
1687751517022279,-1,,DEPLOY,DEPLOY
1687751518022361,-1,,DEPLOY,DEPLOY
1687751519022444,-1,,DEPLOY,DEPLOY
1687751520022527,-1,,DEPLOY,DEPLOY
1687751521022609,-1,,DEPLOY,DEPLOY
1687751522022702,-1,,DEPLOY,DEPLOY
1687751523022767,-1,,DEPLOY,DEPLOY
1687751524022832,-1,,DEPLOY,DEPLOY
1687751525022896,-1,,DEPLOY,DEPLOY
1687751526022960,-1,,DEPLOY,DEPLOY
1687751527023031,-1,,DEPLOY,DEPLOY
1687751528023099,-1,,DEPLOY,DEPLOY
1687751529023163,-1,,DEPLOY,DEPLOY
1687751530023227,-1,,DEPLOY,DEPLOY
